ID,Title,Content,Excerpt,Date,Post Type,Permalink,Image URL,Image Title,Image Caption,Image Description,Image Alt Text,Image Featured,Attachment URL,カテゴリー,タグ,_veu_custom_css,vkExUnit_sns_title,_locale,_original_post,_wp_old_slug,_wp_old_date,vkexunit_cta_each_option,_dp_original,Status,Author ID,Author Username,Author Email,Author First Name,Author Last Name,Slug,Format,Template,Parent,Parent Slug,Order,Comment Status,Ping Status,Post Modified Date
267,【新聞掲載記事】月内に新工場稼働（茨城新聞 平成30年9月13日）,"<img class=""alignright wp-image-282 size-medium"" src=""https://ysd-k.co.jp/yoshida-cms/wp-content/uploads/2018/12/3411a6585f43bd33addd893315d26f06-1-300x300.png"" alt="""" width=""300"" height=""300""><strong>原子力産業向けグローブボックス</strong>
<strong>大型製品の生産強化</strong>

金属加工のヨシダ（水戸市塩崎、吉田陽子社長）は9月下旬、同市内に新工場を稼働し、主力の原子力関連産業向けグローブボックスの生産体制を強化する。総重量5トンを超える大型製品の生産を伸ばし、受注の間口を広げる。創業100周年を迎える5年後には売上高を4割ほど引き上げ、東日本大震災前の水準まで回復を目指す。

同社は密閉空間内で放射性物質を管理作業するステンレス製グローブボックスを設計、製造してきた。原子力産業分野では、ボックス内に放射線測定装置やクレーン機器などの設置を必要とするケースも多く、大型製品の受注は課題だった。
このため、2016年以降、同市東部工業団地に隣接する民有地（同市六反田町）計1.4ヘクタールを段階的に取得。第2工場として新工場を建設し、今月下旬に本稼働させる。
向上の延べ床面積は約4千平方メートル。総投資額は16億円。同市の企業立地促進補助金を活用した。稼働に伴い、15人を新たに雇用した。
これまで同社は、総重量5トン、高さ6.75メートルの製品生産が限界だった。新工場では、新たな移動式クレーンの導入により、製品の総重量を30トン、高さを12メートルまで引き上げ、大型製品の受注に応える。
また、セル生産が中心だった本社工場に対し、新工場ではライン生産も取り入れ、リードタイムを3分の1に短縮。これにより、雰囲気制御技術を生かした研究機関向けのグローブボックス開発や核医学（RI）検査、放射線治療を中心とする医療機器など、新分野への参入も視野に入れる。
同社の米川周佑業務副本部長は「顧客ニーズに応える生産体制を築き、失注を抑える」と強調。新工場稼働により、震災に伴う福島第1原発事故の影響で落ち込んだ原子力分野の売り上げを、震災前の水準まで回復させる計画だ。
同社は船舶向けタービンや列車車両などの機械加工業として1923年に同市で創業。設計から製缶、機械加工、組み立ての一貫生産を強みに、61年には原子力分野に参入した。昨年度の売上高は約6億円。

（前島智仁）",,2018/9/12,post,https://ysd-k.co.jp/announcement/267/,https://ysd-k.co.jp/yoshida-cms/wp-content/uploads/2018/12/3411a6585f43bd33addd893315d26f06-1.png|https://ysd-k.co.jp/yoshida-cms/wp-content/uploads/2018/12/f3254bd4d828f0da9e0dcc8b0a218ddc.png|https://ysd-k.co.jp/yoshida-cms/wp-content/uploads/2018/12/3411a6585f43bd33addd893315d26f06.png,ヨシダ新聞写真1|ヨシダ新聞1|ヨシダ新聞写真1,||,||,||,https://ysd-k.co.jp/yoshida-cms/wp-content/uploads/2018/12/3411a6585f43bd33addd893315d26f06-1.png,,お知らせ|その他,,,,ja,267,,2018/12/5,0,,publish,2,yoshida,soumu@ysd-k.co.jp,,,%e3%80%90%e6%96%b0%e8%81%9e%e6%8e%b2%e8%bc%89%e8%a8%98%e4%ba%8b%e3%80%91%e6%9c%88%e5%86%85%e3%81%ab%e6%96%b0%e5%b7%a5%e5%a0%b4%e7%a8%bc%e5%83%8d,,,0,0,0,closed,closed,2021/6/30
278,【新聞掲載記事】原子力関連装置のヨシダ 新工場で生産能力倍に（日本経済新聞 平成30年9月20日）,"<img class=""alignright wp-image-286 size-medium"" src=""https://ysd-k.co.jp/yoshida-cms/wp-content/uploads/2018/09/2aaf060b2ace537f4d0bb55a0d3bc1ad-300x300.png"" alt="""" width=""300"" height=""300""><strong>設計・製造・搬出 工程一貫</strong>
<strong>他分野から受注狙う</strong>

原子力施設用設備の設計・製造などを手掛けるヨシダ（水戸市）は市内で新工場を稼働させた。大型設備を導入し、生産能力を従来の2倍に引き上げた。設計から組み立て、試験、搬出までを一貫して担える体制を整備。主力事業の原子力関係に加え、他の産業関連企業からの受注も目指す。

新工場の敷地面積は約1万4000平方メートル。旧工場の約3倍にあたる。高さ12メートル、重量30トンまで持ち上げられる大型クレーンなど、新たに導入した設備などを含め約15億円を投入した。引き続き稼働させる旧工場と合わせ、生産能力はこれまでの約2倍に拡大する。
同社は放射性物質を密閉した状態で取り扱うための「グローブボックス」など原子力関連の設備・装置に強みを持つ。新工場では同分野の設計や製造などを一層強化していくほか、他の一般産業分野にも事業の幅を広げていく計画だ。
例えば、バイオマスなど新エネルギー関連では、生産工程で使われる大型タンクなどを製造する。さらに、燃料自動車の普及を見据えてリチウム電池の製造も手掛けていくほか、医療関連機器などにも注力していく。既に県外のプラントメーカーや大手電機メーカーなどからの引き合いも出ているという。
設備の増設や敷地の拡大により、設計から搬出に至る全工程を一貫して担えるようになった。将来は完成品の搬出後の据え付けまで自社でまかなうことも視野に入れている。これまでは旧工場で扱える許容量が限られ「技術的には可能でも、受注を諦めざるを得ないケースがあった」（同社）。今後は受注量を大幅に増やせると見込む。
新工場内にはWi-Fi環境も整えた。整備の稼働率や生産管理工程をリアルタイムで把握し、従業員全体で共有することで生産効率を高める。
同社の売上高は年間6億～7億円。新工場の稼働で2割の売り上げ増を図る。当面は2011年の東日本大震災前に計上していた8億～9億円の水準にまで回復させたい考えだ。",,2018/9/19,post,https://ysd-k.co.jp/announcement/278/,https://ysd-k.co.jp/yoshida-cms/wp-content/uploads/2018/09/2aaf060b2ace537f4d0bb55a0d3bc1ad.png|https://ysd-k.co.jp/yoshida-cms/wp-content/uploads/2018/12/2aaf060b2ace537f4d0bb55a0d3bc1ad.png,ヨシダ新聞写真2|ヨシダ新聞写真2,|,|,|,https://ysd-k.co.jp/yoshida-cms/wp-content/uploads/2018/09/2aaf060b2ace537f4d0bb55a0d3bc1ad.png,,お知らせ|その他,,,,ja,278,,2018/12/5,,,publish,2,yoshida,soumu@ysd-k.co.jp,,,%e3%80%90%e6%96%b0%e8%81%9e%e6%8e%b2%e8%bc%89%e8%a8%98%e4%ba%8b%e3%80%91%e5%8e%9f%e5%ad%90%e5%8a%9b%e9%96%a2%e9%80%a3%e8%a3%85%e7%bd%ae%e3%81%ae%e3%83%a8%e3%82%b7%e3%83%80-%e6%96%b0%e5%b7%a5%e5%a0%b4,,,0,0,0,closed,closed,2021/6/30
340,【新聞掲載記事】密閉容器の新工場稼働に（日刊工業新聞 平成30年11月27日）,"<img class=""alignright wp-image-341"" src=""https://ysd-k.co.jp/yoshida-cms/wp-content/uploads/2018/12/news3-103x300.jpg"" alt="""" width=""137"" height=""400""><strong>ヨシダ 医療機器・エネ向け拡大</strong>

【水戸】ヨシダ（水戸市、吉田陽子社長、029・297・1005）は、密閉容器「グローブボックス」を製造する第2工場を稼働した。大型設備用機材向けの加工環境を整えたことで、年間生産能力は従来の2機から最大8機になる。総投資額は16億円。既存の原子力分野を強化するとともに、医療機器やエネルギー関係の市場拡大を狙う。5年以内に売上高10憶円を目指す。

第2工場の敷地面積は1万4000平方メートル、延べ床面積は4500平方メートル。上限30トンの運搬可能なクレーンを導入した。従来は上限5トンだった。新規導入した門型マシニングセンター（MC）は県内最大クラスで、加工可能サイズは最大で幅3100ミリ×長さ8000ミリ×高さ1965ミリメートル。事業所機能も第2工場に移転した。

同社は設計・機械加工・製缶溶接を一貫して手がける。高精度な大型機械加工・製缶製造が強み。主力のグローブボックスの累計販売台数は500機に上る。

「これまで現場が手狭でできなかった事業にも着手できるようになる。県内を中心に製缶溶接関連の協力会社を増やしたい」（米川周佑取締役業務副本部長）としている。",,2018/11/27,post,https://ysd-k.co.jp/announcement/340/,https://ysd-k.co.jp/yoshida-cms/wp-content/uploads/2018/11/news3thum.jpg|https://ysd-k.co.jp/yoshida-cms/wp-content/uploads/2018/12/news3.jpg,news3thum|news3,|,|,|,https://ysd-k.co.jp/yoshida-cms/wp-content/uploads/2018/11/news3thum.jpg,,お知らせ|その他,,,,ja,340,,2018-12-05|2018-12-14,0,278,publish,2,yoshida,soumu@ysd-k.co.jp,,,%e3%80%90%e6%96%b0%e8%81%9e%e6%8e%b2%e8%bc%89%e8%a8%98%e4%ba%8b%e3%80%91%e5%af%86%e9%96%89%e5%ae%b9%e5%99%a8%e3%81%ae%e6%96%b0%e5%b7%a5%e5%a0%b4%e7%a8%bc%e5%83%8d%e3%81%ab%ef%bc%88%e6%97%a5%e5%88%8a,,,0,0,0,closed,closed,2021/6/30
548,【新聞掲載記事】放射性物質扱う箱　グローブボックス特集(読売新聞　平成31年2月17日),"<!-- wp:paragraph -->
<p></p>
<!-- /wp:paragraph -->

<!-- wp:paragraph -->
<p>　密閉空間で放射性物質を扱う「グローブボックス」。水戸市にあるヨシダの主力製品は、東京電力福島第一原発の核燃料デブリ（残骸）を研究する日本原子力研究開発機構の大熊分析・研究センター（福島県）など、原子力施設で不可欠だ。<br>　連結した手袋部分に手を入れ、外気を遮断しながら箱の内部で作業しなければならない。放射性物質を扱えるグローブボックスは高い気密性が求められるため、生産しているのは国内でも6社程度とされる。<br>　ゆがみや隙間のない高い製缶溶接技術が誇りだ。気密性だけでなく、内部にもこだわりがある。放射性物質が付着、蓄積しないように曲面加工、鏡面仕上げとし、四隅には丸みを残した自社特性のパーツを使う。四隅が角張っていると清掃しにくいからだ。「プロの集まりです」と取締役の米川周佑さん(34)。大手と比べ、設計から製造まで様々な工程に関わることができ、技術者のやりがいにつながっているという。溶接技術を競う県コンクールで最優秀賞に輝いた従業員もいる。<br>　「原子力産業とともに育った」との自負もある。かつて日立製作所の下請けとして機械加工を行っていた。1961年、前社長が旧動力炉・核燃料開発事業団から、それまで輸入品頼みだったグローブボックスの生産を相談されたことで受注が始まった。<br>　福島第一原発事故で原子力産業・研究を取り巻く環境は一変し、一時は年間10億円前後で推移していた売上高が半減。しかし、これを転機に新たな分野への応用も図っている。水や酸素などの混入を防ぐ必要があるリチウムイオン電池、医療・バイオ分野、3Dプリンター向けグローブボックス・・・。これらの研究開発はすべて、グローブボックス製造で培った高い密閉技術が生きている。顧問の米川茂さん(67)は「アイソレーション（分離）という放射性物質の管理に求められることと重なった」と話す。<br>　昨年、高さ12メートル、重さ30トンを釣り上げられるクレーンを導入した第2工場を稼働させた。「『不可能を可能に』をスローガンに、ものづくりで社会貢献したい」と周佑さん。技術力で新たな扉を開こうとしている。</p>
<!-- /wp:paragraph -->

<!-- wp:image {""id"":549,""align"":""center""} -->
<div class=""wp-block-image""><figure class=""aligncenter""><img src=""https://ysd-k.co.jp/yoshida-cms/wp-content/uploads/2019/02/dd695e292f94502ee23bb03514b434d1-724x1024.jpg"" alt="""" class=""wp-image-549"" /></figure></div>
<!-- /wp:image -->",,2019/2/18,post,https://ysd-k.co.jp/announcement/548/,https://ysd-k.co.jp/yoshida-cms/wp-content/uploads/2019/02/dd695e292f94502ee23bb03514b434d1.jpg,20190217_読売新聞,,,,https://ysd-k.co.jp/yoshida-cms/wp-content/uploads/2019/02/dd695e292f94502ee23bb03514b434d1.jpg,,お知らせ,,,,,,,,,,publish,2,yoshida,soumu@ysd-k.co.jp,,,%e3%80%90%e6%96%b0%e8%81%9e%e6%8e%b2%e8%bc%89%e8%a8%98%e4%ba%8b%e3%80%91%e6%94%be%e5%b0%84%e6%80%a7%e7%89%a9%e8%b3%aa%e6%89%b1%e3%81%86%e7%ae%b1%e3%80%80%e3%82%b0%e3%83%ad%e3%83%bc%e3%83%96%e3%83%9c,,,0,0,0,closed,closed,2019/2/18
561,研究開発,"<!-- wp:paragraph -->
<p>研究開発中のグローブボックスへ納入する装置説明のため、PolarTechのDan CEOがわざわざデンマークから来社してくださいました。多岐にわたるディスカッションを行い、開発へのアドバイスも頂くことが出来ました。ありがとうございました。</p>
<!-- /wp:paragraph -->

<!-- wp:image {""id"":566,""align"":""center""} -->
<div class=""wp-block-image""><figure class=""aligncenter""><img src=""https://ysd-k.co.jp/yoshida-cms/wp-content/uploads/2019/03/DSC_0025-1024x576.jpg"" alt="""" class=""wp-image-566""/></figure></div>
<!-- /wp:image -->",,2019/3/1,post,https://ysd-k.co.jp/announcement/561/,https://ysd-k.co.jp/yoshida-cms/wp-content/uploads/2019/03/DSC_0025.jpg,DSC_0025,,,,https://ysd-k.co.jp/yoshida-cms/wp-content/uploads/2019/03/DSC_0025.jpg,,お知らせ|研究開発,,,,ja,561,,,,,publish,2,yoshida,soumu@ysd-k.co.jp,,,%e7%a0%94%e7%a9%b6%e9%96%8b%e7%99%ba-research-and-development,,,0,0,0,closed,closed,2020/3/31
574,シンガポール国立がんセンター様来社,"<!-- wp:paragraph -->
<p>

日立製作所様、日立パワーソリューションズ様が製作を行っている医療装置の製造過程を見学するために、シンガポール国立がんセンター（National Cancer Centre Singapore）の方々が来社して下さいました。 <br>弊社では、最終ユーザー様とお会いする機会が少ない中、このような機会に恵まれ、製造現場一同、大変励みになりました。 <br>また見学の最後には、工場内見学もして頂き、製作中のグローブボックスや溶接技術等へも関心を持って頂きました。 <br>日立製作所様、日立パワーソリューションズ様へは、このような機会を設けて頂き、大変感謝申し上げます。

</p>
<!-- /wp:paragraph -->

<!-- wp:image {""id"":579,""align"":""center""} -->
<div class=""wp-block-image""><figure class=""aligncenter""><img src=""https://ysd-k.co.jp/yoshida-cms/wp-content/uploads/2019/03/DSC_0254-1024x768.jpg"" alt="""" class=""wp-image-579""/></figure></div>
<!-- /wp:image -->

<!-- wp:paragraph -->
<p></p>
<!-- /wp:paragraph -->",,2019/3/6,post,https://ysd-k.co.jp/announcement/574/,https://ysd-k.co.jp/yoshida-cms/wp-content/uploads/2019/03/DSC_0254.jpg,DSC_0254,,,,https://ysd-k.co.jp/yoshida-cms/wp-content/uploads/2019/03/DSC_0254.jpg,,お知らせ,,,,ja,574,,,,,publish,2,yoshida,soumu@ysd-k.co.jp,,,%e3%82%b7%e3%83%b3%e3%82%ac%e3%83%9d%e3%83%bc%e3%83%ab%e5%9b%bd%e7%ab%8b%e3%81%8c%e3%82%93%e3%82%bb%e3%83%b3%e3%82%bf%e3%83%bc%ef%bc%88national-cancer-centre-singapore%ef%bc%89%e6%a7%98%e6%9d%a5,,,0,0,0,closed,closed,2020/3/31
612,水戸市優良工場の認定,"<!-- wp:paragraph -->
<p>弊社第二工場が、水戸市優良工場の認定受け、表彰して頂きました。高橋市長、ありがとうございました。</p>
<!-- /wp:paragraph -->

<!-- wp:image {""id"":613,""align"":""center"",""width"":528,""height"":396} -->
<div class=""wp-block-image""><figure class=""aligncenter is-resized""><img src=""https://ysd-k.co.jp/yoshida-cms/wp-content/uploads/2019/04/o0960072014364594576.jpg"" alt="""" class=""wp-image-613"" width=""528"" height=""396""/></figure></div>
<!-- /wp:image -->

<!-- wp:image {""id"":614,""align"":""center"",""width"":528,""height"":395} -->
<div class=""wp-block-image""><figure class=""aligncenter is-resized""><img src=""https://ysd-k.co.jp/yoshida-cms/wp-content/uploads/2019/04/o0960072014364594676.jpg"" alt="""" class=""wp-image-614"" width=""528"" height=""395""/></figure></div>
<!-- /wp:image -->

<!-- wp:image {""id"":615,""align"":""center""} -->
<div class=""wp-block-image""><figure class=""aligncenter""><img src=""https://ysd-k.co.jp/yoshida-cms/wp-content/uploads/2019/04/20190422095717-724x1024.jpg"" alt="""" class=""wp-image-615""/></figure></div>
<!-- /wp:image -->",,2019/3/1,post,https://ysd-k.co.jp/announcement/612/,https://ysd-k.co.jp/yoshida-cms/wp-content/uploads/2019/04/o0960072014364594576.jpg|https://ysd-k.co.jp/yoshida-cms/wp-content/uploads/2019/04/o0960072014364594676.jpg|https://ysd-k.co.jp/yoshida-cms/wp-content/uploads/2019/04/20190422095717.jpg,水戸市優良工場の認定|水戸市優良工場の認定|平成30年度水戸市認定優良工場,||,||,水戸市優良工場の認定|水戸市優良工場の認定|平成30年度水戸市認定優良工場,https://ysd-k.co.jp/yoshida-cms/wp-content/uploads/2019/04/o0960072014364594576.jpg,,お知らせ,,,,ja,612,,2019/4/23,,,publish,2,yoshida,soumu@ysd-k.co.jp,,,%e6%b0%b4%e6%88%b8%e5%b8%82%e5%84%aa%e8%89%af%e5%b7%a5%e5%a0%b4%e3%81%ae%e8%aa%8d%e5%ae%9a,,,0,0,0,closed,closed,2020/3/31
620,【掲載記事】水戸テクノ倶楽部会員企業等工場見学会(水戸商工会議所会報　平成31年4月1日),"<!-- wp:paragraph -->
<p>水戸商工会議所会報 4月号に掲載されました。</p>
<!-- /wp:paragraph -->

<!-- wp:image {""id"":654,""align"":""center""} -->
<div class=""wp-block-image""><figure class=""aligncenter""><img src=""https://ysd-k.co.jp/yoshida-cms/wp-content/uploads/2019/04/page12_-716x1024.jpg"" alt="""" class=""wp-image-654""/></figure></div>
<!-- /wp:image -->",,2019/4/1,post,https://ysd-k.co.jp/announcement/620/,https://ysd-k.co.jp/yoshida-cms/wp-content/uploads/2019/04/page12_.jpg|https://ysd-k.co.jp/yoshida-cms/wp-content/uploads/2019/04/page12_-1.jpg|https://ysd-k.co.jp/yoshida-cms/wp-content/uploads/2019/04/page1.jpg,I.N.S NEWS|I.N.S NEWS|I.N.S NEWS,||,||,I.N.S NEWS|I.N.S NEWS|I.N.S NEWS,https://ysd-k.co.jp/yoshida-cms/wp-content/uploads/2019/04/page12_.jpg,https://ysd-k.co.jp/yoshida-cms/wp-content/uploads/2019/04/111.pdf|https://ysd-k.co.jp/yoshida-cms/wp-content/uploads/2019/04/111-1.pdf,お知らせ,,,,ja,620,,2019/4/26,,,publish,2,yoshida,soumu@ysd-k.co.jp,,,%e3%80%90%e6%8e%b2%e8%bc%89%e8%a8%98%e4%ba%8b%e3%80%91%e6%b0%b4%e6%88%b8%e3%83%86%e3%82%af%e3%83%8e%e5%80%b6%e6%a5%bd%e9%83%a8%e4%bc%9a%e5%93%a1%e4%bc%81%e6%a5%ad%e7%ad%89%e5%b7%a5%e5%a0%b4%e8%a6%8b,,,0,0,0,closed,closed,2020/3/31
658,はばたく中小企業・小規模事業者300社に選定,"<!-- wp:paragraph -->
<p>中小企業庁殿より、様々な分野で活躍している中小企業の一つとして、「はばたく中小企業・小規模事業者300社」に選定して頂きました。</p>
<!-- /wp:paragraph -->

<!-- wp:image {""id"":659,""align"":""center""} -->
<div class=""wp-block-image""><figure class=""aligncenter""><img src=""https://ysd-k.co.jp/yoshida-cms/wp-content/uploads/2019/06/d649b4f3bd523dbba9c8ac7c4e90d606-724x1024.jpg"" alt="""" class=""wp-image-659""/></figure></div>
<!-- /wp:image -->

<!-- wp:image {""id"":660,""align"":""center""} -->
<div class=""wp-block-image""><figure class=""aligncenter""><img src=""https://ysd-k.co.jp/yoshida-cms/wp-content/uploads/2019/06/20190611142440-1-1024x724.jpg"" alt="""" class=""wp-image-660""/></figure></div>
<!-- /wp:image -->

<!-- wp:paragraph -->
<p> 「はばたく中小企業・小規模事業者300社」 について <br><a href=""https://www.chusho.meti.go.jp/keiei/sapoin/monozukuri300sha/index2019.htm"">https://www.chusho.meti.go.jp/keiei/sapoin/monozukuri300sha/index2019.htm</a> <br></p>
<!-- /wp:paragraph -->",,2019/6/4,post,https://ysd-k.co.jp/announcement/658/,https://ysd-k.co.jp/yoshida-cms/wp-content/uploads/2019/06/book2019.jpg|https://ysd-k.co.jp/yoshida-cms/wp-content/uploads/2019/06/d649b4f3bd523dbba9c8ac7c4e90d606.jpg|https://ysd-k.co.jp/yoshida-cms/wp-content/uploads/2019/06/20190611142440-1.jpg,はばたく中小企業・小規模事業者300社|(株)ヨシダ-1|はばたく中小企業・小規模事業者300社,||,||,はばたく中小企業・小規模事業者300社||はばたく中小企業・小規模事業者300社,https://ysd-k.co.jp/yoshida-cms/wp-content/uploads/2019/06/book2019.jpg,,お知らせ,,,,ja,658,,2019/6/11,,,publish,2,yoshida,soumu@ysd-k.co.jp,,,%e3%81%af%e3%81%b0%e3%81%9f%e3%81%8f%e4%b8%ad%e5%b0%8f%e4%bc%81%e6%a5%ad%e3%83%bb%e5%b0%8f%e8%a6%8f%e6%a8%a1%e4%ba%8b%e6%a5%ad%e8%80%85300%e7%a4%be%e3%81%ab%e9%81%b8%e5%ae%9a,,,0,0,0,closed,closed,2020/3/30
705,【新聞掲載記事】はばたく中小300社　ヨシダ-生産性向上により選定(溶接ニュース　令和元年8月6日),"<!-- wp:paragraph -->
<p>　グローブボックスは外気を遮断した状態でステンレス製のボックス内を負圧管理して作業者が容器の外からグローブを介して安全に取り扱うことができる装置だ。医療機関や研究機関、原子力関連施設など様々なシーンで用いられ、高い気密性と耐震性が求められる。ヨシダ(茨城県水戸市・吉田陽子社長)は自社内に設計・機械加工・製缶溶接の3部門を有し、顧客の仕様に応じた製品を提供する。　<br>　原子力施設用各種装置やエネルギー関連機器、精密機器部品を製造するヨシダは1923年の創業。従業員は65人。61年からグローブボックスなど原子力向け機械加工・製缶溶接機器の設計・製作をメーンに事業展開を図ってきた。<br>　昨年夏には、敷地面積約1万4千平方メートルの第2工場が完成。30トンクレーンや5面加工機などを導入したことで大型製缶、大型機械加工が可能な工場への転換も果たし受注案件の幅も広がった。また自社工場内にはWiFi環境を整備するなど稼働状況の見える化により生産性向上に取り組んでいる。<br>　原子力施設向けグローブボックスの製造は、通常の金属製品を遥かに超える厳格な品質管理を必要とし、膨大な量の生産管理履歴(トレーサビリティ)データを抱える必要がある。発注者立ち合いのもとでの材料検査や材料の工程管理、厳しい溶接品質や非破壊検査が求められる。<br>　ヨシダでは一般的な研究施設でみられるような小型グローブボックスと異なり、長さ15メートルを超えるようなグローブボックスや中型のグローブボックスをつなげた10連型の大型グローブボックスなど顧客の要望を受けたオーダーメードを中心に請け負っている。<br>　こうした一品一様のものづくりを進めてきた結果、設計から溶接、製缶、機械加工、組立、試験、納品まで自社完結する社内体制の構築に至った。<br>　グローブボックスは、真空チャンバーと異なりグローブやポリカーボネートパネルなどの非金属部分とステンレス函体の接触面からのリーク(漏れ)が起こりやすい。そこで、内部の放射性物質の漏出や拡散の防ぐため、溶接部の気密性はもちろん、ステンレスの溶接公差を最小限にとどめ、ボックス内が常に一定の負圧になるような高いレベルでの圧力管理技術も必須だ。<br>　現在、同社が手掛ける「自己洗浄能力を有する高機能次世代グローブボックスの開発」が注目をお集める。これはグローブボックス内で放射性物質を扱ったときに内部付着したものを自動で洗浄するシステムだ。汚染水を生んでしまうため水を使用することができないなど制約条件が多いなか、産業技術総合研究所などと金属積層造形装置の粉体管理を応用した技術を用いて開発を進めている。<br>　また、高い放射線を扱うための、遮蔽付きグローブボックスで培った知見は、他産業で用いる製品への展開を図ること可能だ。今後、原子力関連事業を主力としつつエネルギー関連事業やグローブボックスの更なる高付加価値化へと可能性は広がっていく。<br></p>
<!-- /wp:paragraph -->

<!-- wp:image {""id"":707,""align"":""center""} -->
<div class=""wp-block-image""><figure class=""aligncenter""><img src=""https://ysd-k.co.jp/yoshida-cms/wp-content/uploads/2019/08/befdd21643d2778e7f4f4b08e4e0cb7d-1-727x1024.jpg"" alt="""" class=""wp-image-707""/></figure></div>
<!-- /wp:image -->",,2019/8/5,post,https://ysd-k.co.jp/announcement/705/,https://ysd-k.co.jp/yoshida-cms/wp-content/uploads/2019/08/befdd21643d2778e7f4f4b08e4e0cb7d-1.jpg|https://ysd-k.co.jp/yoshida-cms/wp-content/uploads/2019/08/befdd21643d2778e7f4f4b08e4e0cb7d.jpg,溶接ニュース|溶接ニュース,|,|,溶接ニュース|溶接ニュース,https://ysd-k.co.jp/yoshida-cms/wp-content/uploads/2019/08/befdd21643d2778e7f4f4b08e4e0cb7d-1.jpg,,お知らせ,,,,ja,705,,2019/8/8,,,publish,2,yoshida,soumu@ysd-k.co.jp,,,%e3%80%90%e6%96%b0%e8%81%9e%e6%8e%b2%e8%bc%89%e8%a8%98%e4%ba%8b%e3%80%91%e3%81%af%e3%81%b0%e3%81%9f%e3%81%8f%e4%b8%ad%e5%b0%8f300%e7%a4%be%e3%80%80%e3%83%a8%e3%82%b7%e3%83%80-%e7%94%9f%e7%94%a3,,,0,0,0,closed,closed,2021/5/27
834,Research and Development,"<!-- wp:paragraph -->
<p>Mr.Dan, CEO of PolarTech from Denmark, came to visit us for explanation of the equipment to be installed in the glove box which is in progress of Research and Development. We got a wide variety of discussion and  advice for development. Thank you very much.</p>
<!-- /wp:paragraph -->

<!-- wp:image {""id"":566,""align"":""center""} -->
<div class=""wp-block-image""><figure class=""aligncenter""><img src=""https://ysd-k.co.jp/yoshida-cms/wp-content/uploads/2019/03/DSC_0025-1024x576.jpg"" alt="""" class=""wp-image-566""/></figure></div>
<!-- /wp:image -->",,2019/3/1,post,https://ysd-k.co.jp/en/announcement/834/,https://ysd-k.co.jp/yoshida-cms/wp-content/uploads/2019/03/DSC_0025.jpg,DSC_0025,,,,https://ysd-k.co.jp/yoshida-cms/wp-content/uploads/2019/03/DSC_0025.jpg,,お知らせ|研究開発,,,,en_US,561,%e7%a0%94%e7%a9%b6%e9%96%8b%e7%99%ba-research-and-development,2020/3/30,,,publish,2,yoshida,soumu@ysd-k.co.jp,,,%e7%a0%94%e7%a9%b6%e9%96%8b%e7%99%ba-research-and-development-2,,,0,0,0,closed,closed,2020/4/8
841,Certification of Mito City Excellent Factory,"<!-- wp:paragraph -->
<p>Our second factory received certification of Mito City Excellent Factory and received a commendation by Mayor Takahashi.　Thank you very much! <br></p>
<!-- /wp:paragraph -->

<!-- wp:image {""id"":613,""align"":""center"",""width"":528,""height"":396} -->
<div class=""wp-block-image""><figure class=""aligncenter is-resized""><img src=""https://ysd-k.co.jp/yoshida-cms/wp-content/uploads/2019/04/o0960072014364594576.jpg"" alt="""" class=""wp-image-613"" width=""528"" height=""396""/></figure></div>
<!-- /wp:image -->

<!-- wp:image {""id"":614,""align"":""center"",""width"":528,""height"":395} -->
<div class=""wp-block-image""><figure class=""aligncenter is-resized""><img src=""https://ysd-k.co.jp/yoshida-cms/wp-content/uploads/2019/04/o0960072014364594676.jpg"" alt="""" class=""wp-image-614"" width=""528"" height=""395""/></figure></div>
<!-- /wp:image -->

<!-- wp:image {""id"":615,""align"":""center""} -->
<div class=""wp-block-image""><figure class=""aligncenter""><img src=""https://ysd-k.co.jp/yoshida-cms/wp-content/uploads/2019/04/20190422095717-724x1024.jpg"" alt="""" class=""wp-image-615""/></figure></div>
<!-- /wp:image -->",,2019/3/1,post,https://ysd-k.co.jp/en/announcement/841/,https://ysd-k.co.jp/yoshida-cms/wp-content/uploads/2019/04/o0960072014364594576.jpg,水戸市優良工場の認定,,,水戸市優良工場の認定,https://ysd-k.co.jp/yoshida-cms/wp-content/uploads/2019/04/o0960072014364594576.jpg,,お知らせ,,,,en_US,612,%e6%b0%b4%e6%88%b8%e5%b8%82%e5%84%aa%e8%89%af%e5%b7%a5%e5%a0%b4%e3%81%ae%e8%aa%8d%e5%ae%9a,2019-04-23|2020-03-30,,,publish,2,yoshida,soumu@ysd-k.co.jp,,,%e6%b0%b4%e6%88%b8%e5%b8%82%e5%84%aa%e8%89%af%e5%b7%a5%e5%a0%b4%e3%81%ae%e8%aa%8d%e5%ae%9a-2,,,0,0,0,closed,closed,2020/4/8
844,Visit from Singapore National Cancer Center,"<!-- wp:paragraph -->
<p>Member of the National Cancer Centre Singapore visited us to observe the manufacturing process of the medical device of Hitachi and Hitachi Power Solutions. <br>At our company, we don’t have a lot of opportunities to meet with the end user. However, this time we were fortunate to welcome them in our manufacturing sites, and highly encouraged by such opportunities.   <br>At the end of the tour, we additionally shared more time with a tour to the inside of our factory, and they were also interested in glove boxes and our precision welding techniques.  <br>Hitachi and Hitachi Power Solutions, we would like to thank you very much for making this opportunity.  </p>
<!-- /wp:paragraph -->

<!-- wp:image {""id"":579,""align"":""center""} -->
<div class=""wp-block-image""><figure class=""aligncenter""><img src=""https://ysd-k.co.jp/yoshida-cms/wp-content/uploads/2019/03/DSC_0254-1024x768.jpg"" alt="""" class=""wp-image-579"" /></figure></div>
<!-- /wp:image -->",,2019/3/6,post,https://ysd-k.co.jp/en/announcement/844/,https://ysd-k.co.jp/yoshida-cms/wp-content/uploads/2019/03/DSC_0254.jpg,DSC_0254,,,,https://ysd-k.co.jp/yoshida-cms/wp-content/uploads/2019/03/DSC_0254.jpg,,お知らせ,,,,en_US,574,%e3%82%b7%e3%83%b3%e3%82%ac%e3%83%9d%e3%83%bc%e3%83%ab%e5%9b%bd%e7%ab%8b%e3%81%8c%e3%82%93%e3%82%bb%e3%83%b3%e3%82%bf%e3%83%bc%ef%bc%88national-cancer-centre-singapore%ef%bc%89%e6%a7%98%e6%9d%a5,2020/3/30,,,publish,2,yoshida,soumu@ysd-k.co.jp,,,%e3%82%b7%e3%83%b3%e3%82%ac%e3%83%9d%e3%83%bc%e3%83%ab%e5%9b%bd%e7%ab%8b%e3%81%8c%e3%82%93%e3%82%bb%e3%83%b3%e3%82%bf%e3%83%bc%ef%bc%88national-cancer-centre-singapore%ef%bc%89%e6%a7%98%e6%9d%a5-2,,,0,0,0,closed,closed,2020/4/22
853,"We were commended as ""Potential SMEs 300""","<!-- wp:paragraph -->
<p>We were commended as ""Potential SMEs 300"" by the Small and Medium Enterprise Agency.</p>
<!-- /wp:paragraph -->

<!-- wp:image {""id"":659,""align"":""center""} -->
<div class=""wp-block-image""><figure class=""aligncenter""><img src=""https://ysd-k.co.jp/yoshida-cms/wp-content/uploads/2019/06/d649b4f3bd523dbba9c8ac7c4e90d606-724x1024.jpg"" alt="""" class=""wp-image-659""/></figure></div>
<!-- /wp:image -->

<!-- wp:image {""id"":660,""align"":""center""} -->
<div class=""wp-block-image""><figure class=""aligncenter""><img src=""https://ysd-k.co.jp/yoshida-cms/wp-content/uploads/2019/06/20190611142440-1-1024x724.jpg"" alt="""" class=""wp-image-660""/></figure></div>
<!-- /wp:image -->

<!-- wp:paragraph -->
<p>About ""Potential SMEs 300""<br><a href=""https://www.chusho.meti.go.jp/keiei/sapoin/monozukuri300sha/index2019.htm"">https://www.chusho.meti.go.jp/keiei/sapoin/monozukuri300sha/index2019.htm</a> <br></p>
<!-- /wp:paragraph -->",,2019/6/3,post,https://ysd-k.co.jp/en/announcement/853/,https://ysd-k.co.jp/yoshida-cms/wp-content/uploads/2019/06/book2019.jpg,はばたく中小企業・小規模事業者300社,,,はばたく中小企業・小規模事業者300社,https://ysd-k.co.jp/yoshida-cms/wp-content/uploads/2019/06/book2019.jpg,,お知らせ,,,,en_US,658,%e3%81%af%e3%81%b0%e3%81%9f%e3%81%8f%e4%b8%ad%e5%b0%8f%e4%bc%81%e6%a5%ad%e3%83%bb%e5%b0%8f%e8%a6%8f%e6%a8%a1%e4%ba%8b%e6%a5%ad%e8%80%85300%e7%a4%be%e3%81%ab%e9%81%b8%e5%ae%9a|%e3%81%af%e3%81%b0%e3%81%9f%e3%81%8f%e4%b8%ad%e5%b0%8f%e4%bc%81%e6%a5%ad%e3%83%bb%e5%b0%8f%e8%a6%8f%e6%a8%a1%e4%ba%8b%e6%a5%ad%e8%80%85300%e7%a4%be%e3%81%ab%e9%81%b8%e5%ae%9a-2,2019-06-11|2020-03-30,,,publish,2,yoshida,soumu@ysd-k.co.jp,,,we-were-commended-as-potential-smes-300,,,0,0,0,closed,closed,2020/4/8
886,茨城エコ事業所に登録,"<!-- wp:paragraph -->
<p>　環境にやさしい取組を行う事業所として、「茨城エコ事業所」に登録されました。 <br></p>
<!-- /wp:paragraph -->

<!-- wp:image {""id"":887,""align"":""center""} -->
<div class=""wp-block-image""><figure class=""aligncenter""><img src=""https://ysd-k.co.jp/sample/yoshida-cms/wp-content/uploads/2020/03/20200131151253-1-724x1024-724x1024.jpg"" alt=""茨城エコ事業所登録証"" class=""wp-image-887""/></figure></div>
<!-- /wp:image -->",,2020/1/29,post,https://ysd-k.co.jp/announcement/886/,https://ysd-k.co.jp/yoshida-cms/wp-content/uploads/2020/03/20200131151253-1-724x1024.jpg,茨城エコ事業所登録証,,,茨城エコ事業所登録証,https://ysd-k.co.jp/yoshida-cms/wp-content/uploads/2020/03/20200131151253-1-724x1024.jpg,,お知らせ,,,,ja,886,,2019-08-08|2020-03-31,,705,publish,2,yoshida,soumu@ysd-k.co.jp,,,%e8%8c%a8%e5%9f%8e%e3%82%a8%e3%82%b3%e4%ba%8b%e6%a5%ad%e6%89%80%e3%81%ab%e7%99%bb%e9%8c%b2,,,0,0,0,closed,closed,2020/4/8
1006,飛沫感染防止グローブボックス,"<!-- wp:paragraph -->
<p>原子力製品の隔離技術を使い、COVID-19からの隔離用グローブボックスを設計検討しました。 <br>吸排気系統へ、HEPAフィルターを付けることで、0.3μmの粒子に対して99.97%以上の粒子捕集率を保証します。(飛沫感染を予防します) <br>また、パスボックスや滅菌装置の取付も可能となっています。<br>医療従事者や行政関係者が少しでも作業を安全に行えることを祈っております。</p>
<!-- /wp:paragraph -->

<!-- wp:image {""id"":1007} -->
<figure class=""wp-block-image""><img src=""https://ysd-k.co.jp/yoshida-cms/wp-content/uploads/2020/04/78692eb8438a92f7e11a516981ad7fad-1-1024x495.jpg"" alt="""" class=""wp-image-1007""/></figure>
<!-- /wp:image -->

<!-- wp:paragraph -->
<p></p>
<!-- /wp:paragraph -->

<!-- wp:paragraph -->
<p></p>
<!-- /wp:paragraph -->",,2020/4/24,post,https://ysd-k.co.jp/announcement/1006/,https://ysd-k.co.jp/yoshida-cms/wp-content/uploads/2020/04/aba1dd9afd994bc383f5259806be7bb4.jpg|https://ysd-k.co.jp/yoshida-cms/wp-content/uploads/2020/04/78692eb8438a92f7e11a516981ad7fad-1.jpg,①|プレゼンテーション1,|,|,|,https://ysd-k.co.jp/yoshida-cms/wp-content/uploads/2020/04/aba1dd9afd994bc383f5259806be7bb4.jpg,,お知らせ,,,,ja,1006,,,,,publish,2,yoshida,soumu@ysd-k.co.jp,,,%e9%a3%9b%e6%b2%ab%e6%84%9f%e6%9f%93%e9%98%b2%e6%ad%a2%e3%82%b0%e3%83%ad%e3%83%bc%e3%83%96%e3%83%9c%e3%83%83%e3%82%af%e3%82%b9,,,0,0,0,closed,closed,2020/4/24
1073,旭日単光章を受章,"<!-- wp:paragraph -->
<p>この度、弊社社長、吉田陽子が旭日単光章を受章いたしました。 <br>これもひとえに、皆様方のご指導の賜物と改めて感謝申し上げる次第です。                                                   残念ながら今年は、コロナウィルスの影響もあり、天皇陛下拝謁の機会はかないませんが、これを良い機会とし、社員一同、3年後の創立100周年に向けて、さらなるヨシダの発展に尽力してまいる所存です。今後とも皆様方におかれましては、ご指導、ご鞭撻を賜りますようお願い申し上げます。  </p>
<!-- /wp:paragraph -->

<!-- wp:image {""id"":1074,""width"":576,""height"":431} -->
<figure class=""wp-block-image is-resized""><img src=""https://ysd-k.co.jp/yoshida-cms/wp-content/uploads/2020/11/29d3bc99193cb0b837fb8cc53f050ae5-1024x767.jpg"" alt="""" class=""wp-image-1074"" width=""576"" height=""431""/></figure>
<!-- /wp:image -->",,2020/11/3,post,https://ysd-k.co.jp/announcement/1073/,https://ysd-k.co.jp/yoshida-cms/wp-content/uploads/2020/11/29d3bc99193cb0b837fb8cc53f050ae5-1.jpg|https://ysd-k.co.jp/yoshida-cms/wp-content/uploads/2020/11/29d3bc99193cb0b837fb8cc53f050ae5.jpg,画像1|画像1,|,|,|,https://ysd-k.co.jp/yoshida-cms/wp-content/uploads/2020/11/29d3bc99193cb0b837fb8cc53f050ae5-1.jpg,,お知らせ,,,,ja,1073,,,,,publish,2,yoshida,soumu@ysd-k.co.jp,,,%e6%97%ad%e6%97%a5%e5%8d%98%e5%85%89%e7%ab%a0%e3%82%92%e5%8f%97%e7%ab%a0,,,0,0,0,closed,closed,2021/12/8
1086,"Our president, Yoko Yoshida, has received The Order of the Rising Sun, Silver Rays from His Majesty the Emperor.","<!-- wp:paragraph -->
<p>Our president, Yoko Yoshida, has received The Order of the Rising Sun, Silver Rays from His Majesty the Emperor.<br>
We would like to thank all of you for your kindness.<br>
Unfortunately, due to the influence of the covid-19, we will not have the opportunity of audience with His Majesty the Emperor, but we took this as a good opportunity and will continue to make efforts for the further development of Yoshida Co., Ltd. toward the 100th anniversary three years later.<br>
We look forward to your continued support and encouragement in future.</p>
<!-- /wp:paragraph -->

<!-- wp:image {""id"":1074,""width"":576,""height"":431} -->
<figure class=""wp-block-image is-resized""><img src=""https://ysd-k.co.jp/yoshida-cms/wp-content/uploads/2020/11/29d3bc99193cb0b837fb8cc53f050ae5-1024x767.jpg"" alt="""" class=""wp-image-1074"" width=""576"" height=""431""/></figure>
<!-- /wp:image -->",,2020/11/3,post,https://ysd-k.co.jp/en/announcement/1086/,https://ysd-k.co.jp/yoshida-cms/wp-content/uploads/2020/11/29d3bc99193cb0b837fb8cc53f050ae5-1.jpg,画像1,,,,https://ysd-k.co.jp/yoshida-cms/wp-content/uploads/2020/11/29d3bc99193cb0b837fb8cc53f050ae5-1.jpg,,お知らせ,,,,en_US,1073,%e6%97%ad%e6%97%a5%e5%8d%98%e5%85%89%e7%ab%a0%e3%82%92%e5%8f%97%e7%ab%a0-2,2020/11/18,,,publish,2,yoshida,soumu@ysd-k.co.jp,,,%e6%97%ad%e6%97%a5%e5%8d%98%e5%85%89%e7%ab%a0%e3%82%92%e5%8f%97%e7%ab%a0,,,0,0,0,closed,closed,2020/11/18
1138,【新聞掲載記事】水戸の機器メーカーとJ-PARC、「はやぶさ2」回収試料の分析法確立目指す(水戸経済新聞　令和3年2月17日),"<!-- wp:image {""id"":1165} -->
<figure class=""wp-block-image""><img src=""https://ysd-k.co.jp/yoshida-cms/wp-content/uploads/2021/02/66c19942ab4ba346fdb64ccc04cde373-1.jpg"" alt="""" class=""wp-image-1165""/></figure>
<!-- /wp:image -->

<!-- wp:paragraph -->
<p>　水戸の機器メーカー「ヨシダ」（水戸市六反田町）と大強度陽子加速器施設「J-PARC」（東海村白方）が現在、「はやぶさ2」回収試料の分析法確立を目指し、研究を進めている。 <br><br>　小惑星探査機「はやぶさ2」は2014（平成26）年の打ち上げ後、2018（平成30）年6月に地球から3億キロにある小惑星「リュウグウ」に到着。小惑星表面に人工的なクレーターを作り、地下の試料を持ち帰るというミッションを成し遂げ、昨年12月6日に地球に帰還した。<br><br>　日本原子力研究開発機構・原子力科学研究所 物質科学研究センター研究主幹の大澤崇人博士らの研究が、「文部科学省 科学研究費助成事業 新学術領域研究（2018～2022）」の公募研究に採択された。「はやぶさ2」がリュウグウより持ち帰ってきた試料を分析するためのミュオンチェンバー装置の設計製作を、大澤博士が担当することになり、かねてから取引のあった原子力用グローブボックスなどの技術を持つ水戸の機器メーカー「ヨシダ」に依頼することになった。同社が1961（昭和36）年から取り組むグローブボックスをはじめとした原子力用製缶機器の設計・製作の技術力に着目したという。 <br><br>　装置では、試料にミュオンビームを照射し、負ミュオン非破壊元素分析を行うという構想。ミュオンは、ミュー粒子とも呼ばれる素粒子の一種。負の電荷をもつ負ミュオンは、電子と同じ電荷を持つが、重さは電子の約200倍。物質に入射すると重い電子として振舞うことを利用して、物質の元素分析などに利用されている。 <br><br>　負ミュオンビームによる元素分析は、負ミュオンが高い物質透過能力を持つことから、一般的な解析で使用される電子では到達できない試料の奥深くまで侵入することができるという特長を持つ。JAXAはやぶさ2プロジェクトによると、リュウグウは炭素質物質を多く含むと考えられるC型と呼ばれる小惑星だが、今から約46億年前（太陽系が生まれた頃）の水や有機物が今でも残されていると考えられているという。地球の水はどこから来たのか、生命を構成する有機物はどこでできたのかといった疑問を解く鍵につながると期待される。同装置では、主に非破壊での炭素の濃度測定を目指して開発を進めている。 <br><br>　依頼から約3カ月、試料を分析するためのミュオンチェンバーを完成させ、昨年12月2日に納品し、隕石（いんせき）を使ったテスト試料での分析を進めている。「分析結果が10％未満の誤差になるように頑張っているところ」と大澤博士。<br><br>　ミュオンビーム照射部は純銅にした。大澤博士によると、銅は地上では一般的に手に入りやすいが、隕石や地球外物質中には少なく、分析の邪魔にならない物質だという。ビームが当たる試料を囲むように等間隔で配置する6つの窓の外側に分析装置を設置する。グローブボックスは、地球大気による試料への汚染を抑えるため、ヘリウムガスで雰囲気制御（周辺の環境を望ましい状態に整えること）できる構造とした。ヘリウムガスが充てんされたグローブボックス内でミュオンによる試料の非破壊での分析を実現させる構造だ。「ヨシダ」の米川周佑取締役業務本部長は「これまでに培ってきた、原子力の放射性物質を『漏らさない』『外に出さない』ための技術がこの装置製作に生かされている。このような形で別の分野に生かせることはうれしい」と話す。 <br><br>　現在、大澤博士らが取り組む分析方法が確立されれば、貴重なもの、破壊すると意味のなくなるさまざまな物体、大気に触れると汚染されてしまう特殊な試料などの分析が実施できるようになると期待できるという。<br><br>　大澤博士は「新領域の研究の一環として、はやぶさ2試料の分析を目指している。ふたを開けてみないと分からないが、『リュウグウ』は、きっと僕たちが今まで見たことがないような物質の小惑星なのでは。（分析が可能となった場合）予想通りにならないような結果が出てきたら一番面白い」と笑顔を見せる。米川取締役は「ミュオンによる試料『非破壊』での分析は、宇宙研究の大きな一歩となるのではないか」と期待を寄せる。</p>
<!-- /wp:paragraph -->

<!-- wp:paragraph -->
<p><br><br><br>水戸経済新聞及び連携メディアに掲載されました。<br>下記URLよりご覧ください。<br><br>【水戸経済新聞】<br><a href=""https://mito.keizai.biz/headline/1752/"">https://mito.keizai.biz/headline/1752/</a><br><br>【yahooニュース】<br><a href=""https://news.google.com/topics/CAAqHAgKIhZDQklTQ2pvSWJHOWpZV3hmZGpJb0FBUAE?hl=ja&amp;gl=JP&amp;ceid=JP%3Aja"">https://news.google.com/topics/CAAqHAgKIhZDQklTQ2pvSWJHOWpZV3hmZGpJb0FBUAE?hl=ja&amp;gl=JP&amp;ceid=JP%3Aja</a><br><br>【googleニュース】<br><a href=""https://news.google.com/topics/CAAqHAgKIhZDQklTQ2pvSWJHOWpZV3hmZGpJb0FBUAE?hl=ja&amp;gl=JP&amp;ceid=JP%3Aja"">https://news.google.com/topics/CAAqHAgKIhZDQklTQ2pvSWJHOWpZV3hmZGpJb0FBUAE?hl=ja&amp;gl=JP&amp;ceid=JP%3Aja</a><br><br>【dmenuニュース】<br><a href=""https://topics.smt.docomo.ne.jp/article/minkei/region/minkei-mito1752"">https://topics.smt.docomo.ne.jp/article/minkei/region/minkei-mito1752</a><br><br>【gooニュース】<br><a href=""https://news.goo.ne.jp/article/minkei/region/minkei-mito1752.html"">https://news.goo.ne.jp/article/minkei/region/minkei-mito1752.html</a><br><br>【みんなの経済新聞ニュースアプリ（アプリ内配信）】<br><a href=""http://minkei.net/mapp/"">http://minkei.net/mapp/</a><br><br>【JR東日本アプリ（アプリ内配信）】<br><a href=""http://www.jreast-app.jp/"">http://www.jreast-app.jp/</a><br><br>【SmartNews（アプリ内配信）】<br><a href=""https://www.smartnews.com/ja/ "">https://www.smartnews.com/ja/ </a></p>
<!-- /wp:paragraph -->",,2021/2/17,post,https://ysd-k.co.jp/announcement/1138/,https://ysd-k.co.jp/yoshida-cms/wp-content/uploads/2021/02/345cb7731ea9570f146a31b0417471c1.png|https://ysd-k.co.jp/yoshida-cms/wp-content/uploads/2021/02/66c19942ab4ba346fdb64ccc04cde373.jpg|https://ysd-k.co.jp/yoshida-cms/wp-content/uploads/2021/02/66c19942ab4ba346fdb64ccc04cde373-1.jpg,㈱ﾖｼﾀﾞ|キャプチャ|キャプチャ,||,||,||,https://ysd-k.co.jp/yoshida-cms/wp-content/uploads/2021/02/345cb7731ea9570f146a31b0417471c1.png,,お知らせ,,,,ja,1138,,2021/2/19,,,publish,2,yoshida,soumu@ysd-k.co.jp,,,%e3%80%90%e6%96%b0%e8%81%9e%e6%8e%b2%e8%bc%89%e8%a8%98%e4%ba%8b%e3%80%91%e6%b0%b4%e6%88%b8%e3%81%ae%e6%a9%9f%e5%99%a8%e3%83%a1%e3%83%bc%e3%82%ab%e3%83%bc%e3%81%a8j-parc%e3%80%81%e3%80%8c%e3%81%af,,,0,0,0,closed,closed,2021/2/21
1171,【新聞掲載記事】高能率アーク溶接システム『D-Arc』普及拡大！/ダイヘン（溶接新報　令和3年5月24日）,"<!-- wp:paragraph -->
<p>想定以上の作業効率向上と使いやすさに高評価！ ステンレス溶接に適用可能な「D-Arc」の開発も希望</p>
<!-- /wp:paragraph -->

<!-- wp:paragraph -->
<p>　㈱ヨシダ（茨城県水戸市、吉田陽子社長）は、大正12年創業。当初は日立製作所の下請け企業としてスタートしたが、昭和36年3月に国立研究法人日本原子力開発機構（JAEA）からグローブボックスの試作・開発を請け負い、日本初の原子力用グローブボックスを製造。その後グローブボックス及び原子力用各種容器等の設計・製造（機械加工・製缶溶接）を主業務に、その他、建設機械・医療機器部品まで幅広く手掛ける企業として成長を遂げている。<br>　従業員数は65名。第一工場（水戸市塩崎町2363）の他、第二工場（水戸市六反田町1279-1）、小泉倉庫（水戸市小泉町213-3）を有する。<br>　同社では2020年春にダイヘン製の厚板高能率アーク溶接システム「D-Arc」を導入。同社第二工場を訪ね「D-Arc」の導入経緯、稼働状況などについて話を聞いた。</p>
<!-- /wp:paragraph -->

<!-- wp:paragraph -->
<p>　同社、米川周佑取締役業務本部長に、同社の主力製品であるグローブボックスについて聞くと、「放射性物質や細菌等を閉じ込め、グローブ越しに手だけを入れて作業ができるようにした密閉容器。用途別に一つひとつ全く異なるオーダーメイド品なので、用途を聞いて当社が一から設計し、製造している。耐震性や、放射性物質の想定線量など条件が非常に細かく、さらに施行記録や検査結果も全て提出する必要があるので、非常に手間が掛かる」とのこと。注文を受けてから納品まで短くて半年、一年半以上費やすケースもあるそうで、相当な経験と技術の積み重ねがなければ扱えない製品である。<br>　グローブボックスはステンレス製が主で、溶接はTIG溶接が指定されるケースが大半を占めるそうだが、その架台については鉄製が多く、その溶接には「D-Arc」も適用されている。<br>　「D-Arc」導入経緯については、「風力発電設備部品や建設機械部品、グローブボックス架台等の25度・35度開先の厚板溶接において、通常なら3パス必要なところを1パスで溶接可能。大電流でもアンダーカットが出にくい溶接システムが出たと聞き、ダイヘンテクノサポートさんの大宮FAセンターでデモを見せていただいた。その効率の良さに目を見張り、即導入を決定した」とのこと。<br>　そして、2019年12月に発注、2020年春に導入。茨城県下では初の「D-Arc」導入企業となった。<br>　導入後の評価について、製造部・山口功次長に聞くと、「当初想定していた以上に溶接の作動効率も向上し、溶込みも十分で、使いやすさも想定以上。当社は、TIG溶接が多く、半自動溶接に慣れていない溶接技能者も多いが、そのような技能者でもD-Arcはすぐに使えるようになった」と高く評価する。<br>　ワイヤについては日鉄溶接工業製の「YM-26」のφ1.2/1.4㎜を使用。<br>　稼働率については、「当社は第一工場では鉄の溶接が多く、第二工場はステンレス溶接が多い。現在、鉄の溶接にはD-Arcをメインで適用しており、稼働率はほぼ100％」とのこと。<br>　取材当日の同社・第二工場は、前日までに多くのグローブボックスを出荷した後とのことで、すっきりと片付けられていたが、それでも幾つかの製作中のグローブボックスがあり、また鉄製のグローブボックス溶架台も製造されていた。<br>米川本部長は、「グローブボックスはステンレス製なので、溶接はほぼTIG溶接だが、当社ではTIG溶接機もダイヘン製が大半を占める。性能もさることながら、何かあればダイヘンテクノサポートの方がすぐに駆けつけてくれ、とても頼りにしている」と話す。<br>　「D-Arc」については概ね満足しているとのことだが、あえて要望について伺うと、「ステンレス溶接に適用可能なD-Arcを開発してほしい」とのことであった。<br>　また今後の設備予定については、「ダイヘン製のマイクロTIG溶接機とプラズマ溶接機の導入を検討している」と述べた。<br>　最後に、米川本部長に今後の展望にてついて伺うと、「当社は用途を聞いて設計から、機械加工、溶接・組立までを一貫して手掛けており、製造工程を考慮した設計ができる点が他社にない強みだと思っている。その強みを生かし、今後は新しい用途のグローブボックス、例えば現在、新型コロナウイルスの感染拡大が問題となる中、遠隔操作で患者を診断できるような飛沫感染防止型グローブボックスを開発したいと考えている」と語ってくれた。</p>
<!-- /wp:paragraph -->

<!-- wp:image {""id"":1175} -->
<figure class=""wp-block-image""><img src=""https://ysd-k.co.jp/yoshida-cms/wp-content/uploads/2021/05/20210527083755_page-0001-762x1024.jpg"" alt="""" class=""wp-image-1175""/></figure>
<!-- /wp:image -->",,2021/5/24,post,https://ysd-k.co.jp/announcement/1171/,https://ysd-k.co.jp/yoshida-cms/wp-content/uploads/2021/05/20210527083755_page-0001.jpg,20210527083755_page-0001,,,,https://ysd-k.co.jp/yoshida-cms/wp-content/uploads/2021/05/20210527083755_page-0001.jpg,,お知らせ,,,,ja,1171,,2021/5/27,,,publish,2,yoshida,soumu@ysd-k.co.jp,,,%e3%80%90%e6%96%b0%e8%81%9e%e6%8e%b2%e8%bc%89%e8%a8%98%e4%ba%8b%e3%80%91%e9%ab%98%e8%83%bd%e7%8e%87%e3%82%a2%e3%83%bc%e3%82%af%e6%ba%b6%e6%8e%a5%e3%82%b7%e3%82%b9%e3%83%86%e3%83%a0%e3%80%8ed-arc,,,0,0,0,closed,closed,2021/5/27
1180,【掲載記事】地域中小企業×ベンチャー連携の鍵（創業応援vol.21 2021年3月リバネス出版）,"<!-- wp:image {""id"":1181} -->
<figure class=""wp-block-image""><img src=""https://ysd-k.co.jp/yoshida-cms/wp-content/uploads/2021/06/30dc5be8cb7aac2321aad15b78ec63b1-1024x724.jpg"" alt="""" class=""wp-image-1181""/></figure>
<!-- /wp:image -->",,2021/3/1,post,https://ysd-k.co.jp/announcement/1180/,https://ysd-k.co.jp/yoshida-cms/wp-content/uploads/2021/06/30dc5be8cb7aac2321aad15b78ec63b1-1.jpg|https://ysd-k.co.jp/yoshida-cms/wp-content/uploads/2021/06/30dc5be8cb7aac2321aad15b78ec63b1.jpg,総業応援記事_page-0001|総業応援記事_page-0001,|,|,|,https://ysd-k.co.jp/yoshida-cms/wp-content/uploads/2021/06/30dc5be8cb7aac2321aad15b78ec63b1-1.jpg,,お知らせ|研究開発,,,,ja,1180,,2021/6/21,,,publish,2,yoshida,soumu@ysd-k.co.jp,,,%e3%80%90%e6%8e%b2%e8%bc%89%e8%a8%98%e4%ba%8b%e3%80%91%e5%9c%b0%e5%9f%9f%e4%b8%ad%e5%b0%8f%e4%bc%81%e6%a5%adx%e3%83%99%e3%83%b3%e3%83%81%e3%83%a3%e3%83%bc%e9%80%a3%e6%90%ba%e3%81%ae%e9%8d%b5,,,0,0,0,closed,closed,2021/6/21
1184,中堅・中小企業とスタートアップの連携による価値創造チャレンジ事業,"<!-- wp:paragraph -->
<p>　「中堅・中小企業とスタートアップの連携による価値創造チャレンジ事業」のPDFマガジンに、株式会社ヨシダ×株式会社メルティンMMI様の「アバターロボットによる遠隔操作型グローブボックス開発に向けた共同研究」が事例として掲載されました。<br>　下記リンクよりご覧ください。</p>
<!-- /wp:paragraph -->

<!-- wp:paragraph -->
<p></p>
<!-- /wp:paragraph -->

<!-- wp:paragraph -->
<p><a href=""https://www.kanto.meti.go.jp/press/data/20210406_startup_renkeijirei.pdf"">https://www.kanto.meti.go.jp/press/data/20210406_startup_renkeijirei.pdf</a></p>
<!-- /wp:paragraph -->",,2021/5/21,post,https://ysd-k.co.jp/announcement/1184/,https://ysd-k.co.jp/yoshida-cms/wp-content/uploads/2021/06/d7a7095dfc10b37b8886b64acd332adc.jpg,サポイン2020_20210331_08.indd_page-0001,,,,https://ysd-k.co.jp/yoshida-cms/wp-content/uploads/2021/06/d7a7095dfc10b37b8886b64acd332adc.jpg,,お知らせ|研究開発,,,,ja,1184,,2021/6/21,,,publish,2,yoshida,soumu@ysd-k.co.jp,,,%e4%b8%ad%e5%a0%85%e3%83%bb%e4%b8%ad%e5%b0%8f%e4%bc%81%e6%a5%ad%e3%81%a8%e3%82%b9%e3%82%bf%e3%83%bc%e3%83%88%e3%82%a2%e3%83%83%e3%83%97%e3%81%ae%e9%80%a3%e6%90%ba%e3%81%ab%e3%82%88%e3%82%8b%e4%be%a1,,,0,0,0,closed,closed,2021/6/21
1186,現場の知識を武器に、具体的にイメージを描けるか,"<!-- wp:paragraph -->
<p> <br>　中堅・中小企業とスタートアップが連携し、価値創造活動を実践する企業へのインタビューや令和2年度に開催した「地域産業創出セミナー」に係る記事（コラム）にて、株式会社ヨシダと株式会社メルティンMMI様との対談コラムが掲載されました。<br>　下記リンクよりご覧ください。<br><br><a href=""https://www.kanto.meti.go.jp/seisaku/seizou/column/column_051101.html"">https://www.kanto.meti.go.jp/seisaku/seizou/column/column_051101.html</a></p>
<!-- /wp:paragraph -->",,2021/5/21,post,https://ysd-k.co.jp/announcement/1186/,https://ysd-k.co.jp/yoshida-cms/wp-content/uploads/2021/06/30dc5be8cb7aac2321aad15b78ec63b1-1.jpg,総業応援記事_page-0001,,,,https://ysd-k.co.jp/yoshida-cms/wp-content/uploads/2021/06/30dc5be8cb7aac2321aad15b78ec63b1-1.jpg,,お知らせ|研究開発,,,,ja,1186,,2021/6/21,,,publish,2,yoshida,soumu@ysd-k.co.jp,,,%e7%8f%be%e5%a0%b4%e3%81%ae%e7%9f%a5%e8%ad%98%e3%82%92%e6%ad%a6%e5%99%a8%e3%81%ab%e3%80%81%e5%85%b7%e4%bd%93%e7%9a%84%e3%81%ab%e3%82%a4%e3%83%a1%e3%83%bc%e3%82%b8%e3%82%92%e6%8f%8f%e3%81%91%e3%82%8b,,,0,0,0,closed,closed,2021/6/21
1204,福島第一原子力発電所における廃炉作業向け 遠隔操作型隔離・遮へい装置に関する共同検討の3社覚書締結について,"<!-- wp:paragraph -->
<p>　株式会社ヨシダ（代表取締役：吉田 陽子、以下「ヨシダ」）、および、株式会社メルティンMMI（代表取締役：粕谷 昌宏、以下「MELTIN」）は、この度、両社で開発中の「遠隔操作型隔離装置および遠隔操作型遮へい装置」に関して、東京電力ホールディングス株式会社福島第一原子力発電所の廃炉事業における分析業務への適用を見据えた共同検討を行うことを目的とする覚書を、東京電力ホールディングス株式会社（代表執行役社長：小早川 智明、以下「東京電力HD」）との間で締結いたしました。<br>　ヨシダおよびMELTINは、かねてより、ヨシダの「放射性物質分析用グローブボックス等の隔離・遮蔽技術」とMELTINの「遠隔操作型ロボット等の技術」とを融合させることで、福島第一原子力発電所における放射性物質分析業務に対応できる分析装置の開発に向けて検討を重ねてまいりました。<br>　この度、両社が進めてきた同技術開発に対して、東京電力HDから、現場ニーズに適合する可能性があるものとして、開発に必要となる分析業務情報の提供や、開発を進める装置の操作性・耐放射線性等の現場ニーズへの適合性の確認などの協力が得られることとなり、３社間での覚書締結に至りました。<br>　本取組を通じ、一層安全かつ効率的な放射性物質分析装置を実現し、福島第一原子力発電所の廃炉・汚染水対策の推進に貢献することを目指します。</p>
<!-- /wp:paragraph -->

<!-- wp:image {""id"":1205,""align"":""center"",""width"":580,""height"":712} -->
<div class=""wp-block-image""><figure class=""aligncenter is-resized""><img src=""https://ysd-k.co.jp/yoshida-cms/wp-content/uploads/2021/06/d1683650e23d3f5e5acaac6d9e84afbd-e1625135460987-833x1024.jpg"" alt="""" class=""wp-image-1205"" width=""580"" height=""712""/></figure></div>
<!-- /wp:image -->

<!-- wp:image {""id"":1207,""align"":""center"",""width"":566,""height"":800} -->
<div class=""wp-block-image""><figure class=""aligncenter is-resized""><img src=""https://ysd-k.co.jp/yoshida-cms/wp-content/uploads/2021/06/4ae8ebb0e43a6c87708a8d12ab7aed26-724x1024.jpg"" alt="""" class=""wp-image-1207"" width=""566"" height=""800""/></figure></div>
<!-- /wp:image -->",,2021/7/1,post,https://ysd-k.co.jp/announcement/1204/,https://ysd-k.co.jp/yoshida-cms/wp-content/uploads/2021/06/d1683650e23d3f5e5acaac6d9e84afbd-e1625135460987.jpg|https://ysd-k.co.jp/yoshida-cms/wp-content/uploads/2021/06/4ae8ebb0e43a6c87708a8d12ab7aed26.jpg|https://ysd-k.co.jp/yoshida-cms/wp-content/uploads/2021/06/20210628_page-00012.jpg,20210625_プレスリリース案_ヨシダ版【日本語版FINAL】v2_page-0001|20210625_プレスリリース案_ヨシダ版【日本語版FINAL】v2_page-0002|20210628_page-00012,||,||,||,https://ysd-k.co.jp/yoshida-cms/wp-content/uploads/2021/06/d1683650e23d3f5e5acaac6d9e84afbd-e1625135460987.jpg,,お知らせ|研究開発,,,,ja,1204,,,,,publish,2,yoshida,soumu@ysd-k.co.jp,,,%e7%a6%8f%e5%b3%b6%e7%ac%ac%e4%b8%80%e5%8e%9f%e5%ad%90%e5%8a%9b%e7%99%ba%e9%9b%bb%e6%89%80%e3%81%ab%e3%81%8a%e3%81%91%e3%82%8b%e5%bb%83%e7%82%89%e4%bd%9c%e6%a5%ad%e5%90%91%e3%81%91-%e9%81%a0%e9%9a%94,,,0,0,0,closed,closed,2021/7/1
1214,Signing of Memorandum of Understanding(MoU) Joint Study of Remotely Operated Isolating and Shielding Devices for Possible Application during the Decommissioning of the TEPCO Fukushima Daiichi Nuclear Power Station,"<!-- wp:paragraph -->
<p>Tokyo Electric Power Company Holdings, Inc. (President: Tomoaki Kobayakawa; hereinafter referred to as; ‘‘TEPCO”) has signed a Memorandum of Understanding (MoU) with Yoshida Inc. (CEO: Yoko Yoshida; hereinafter referred to as, ‘‘Yoshida”) and MELTIN MMI Co., Ltd. (CEO: Masahiro Kasuya; hereinafter referred to as, “MELTIN”) for the purpose of engaging in the joint study of remotely operated isolating and shielding devices currently under development by Yoshida and MELTIN in anticipation of the practical application of this technology for the decommissioning of the TEPCO Fukushima Daiichi Nuclear Power Station.<br><br>Yoshida and MELTIN have been jointly developing analysis equipment that can be used to analyze radioactive materials at the Fukushima Daiichi Nuclear Power Station by combining Yoshida’s technology for isolating and shielding radioactive material analysis gloveboxes with MELTIN’s remotely operated robot technology.<br><br>Since TEPCO recognizes the potential of this technology to meet certain needs in the field, the three companies have signed a MoU in accordance with which TEPCO shall provide information on practical analysis vital for further technological development and cooperate with confirming that the equipment meets various needs in the field pertaining to, for example, operability and radiation resistance.<br><br>Through this joint initiative, we aim to contribute to decommissioning and contaminated water countermeasures at the Fukushima Daiichi Nuclear Power Station by developing safer and more efficient radioactive material analysis equipment.</p>
<!-- /wp:paragraph -->

<!-- wp:image {""id"":1215,""align"":""center""} -->
<div class=""wp-block-image""><figure class=""aligncenter""><img src=""https://ysd-k.co.jp/yoshida-cms/wp-content/uploads/2021/06/04e0fb98c51251cdccd83601ab4e6150-e1625136752973-805x1024.jpg"" alt="""" class=""wp-image-1215""/></figure></div>
<!-- /wp:image -->

<!-- wp:image {""id"":1216,""align"":""center""} -->
<div class=""wp-block-image""><figure class=""aligncenter""><img src=""https://ysd-k.co.jp/yoshida-cms/wp-content/uploads/2021/06/93d31fab6fb4112ce9e0489d868e6e50-724x1024.jpg"" alt="""" class=""wp-image-1216""/></figure></div>
<!-- /wp:image -->",,2021/7/1,post,https://ysd-k.co.jp/en/announcement/1214/,https://ysd-k.co.jp/yoshida-cms/wp-content/uploads/2021/06/04e0fb98c51251cdccd83601ab4e6150-e1625136752973.jpg|https://ysd-k.co.jp/yoshida-cms/wp-content/uploads/2021/06/93d31fab6fb4112ce9e0489d868e6e50.jpg,(ヨシダ)プレスリリース__ENG_20210629【FINAL】_page-0001|(ヨシダ)プレスリリース__ENG_20210629【FINAL】_page-0002,|,|,|,https://ysd-k.co.jp/yoshida-cms/wp-content/uploads/2021/06/04e0fb98c51251cdccd83601ab4e6150-e1625136752973.jpg,,お知らせ|研究開発,,,,en_US,1204,,,,,publish,2,yoshida,soumu@ysd-k.co.jp,,,signing-of-memorandum-of-understandingmou-joint-study-of-remotely-operated-isolating-and-shielding-devices-for-possible-application-during-the-decommissioning-of-the-tepco-fukushima-daiichi-nuclear,,,0,0,0,closed,closed,2021/7/1
1313,【HP掲載】HAYABUSA2-IMSS「はやぶさ2  微粒子分析」（令和3年7月1日）,"<!-- wp:paragraph {""align"":""left""} -->
<p style=""text-align:left"">高エネルギー加速器研究機構(KEK) 物質構造科学研究所 HAYABUSA2-IMSS「はやぶさ2  微粒子分析」ホームページにて、弊社が製作したグローブボックスが紹介されました。<br>ぜひ、下記リンクよりご覧ください</p>
<!-- /wp:paragraph -->

<!-- wp:paragraph -->
<p>・J-PARC MLF ミュオン科学実験施設でのリュウグウ試料の分析が始まりました。<br><a href=""https://www2.kek.jp/imss/news/hayabusa2/news/20210701_muonD2/"">https://www2.kek.jp/imss/news/hayabusa2/ｔ</a></p>
<!-- /wp:paragraph -->

<!-- wp:paragraph -->
<p>・ YouTube 物構研チャンネル 2021/06/30<br><a rel=""noreferrer noopener"" href=""https://youtu.be/dTfbzTl8XIQ"" target=""_blank"">ミュオンの実験装置にリュウグウ試料を設置する東北大学 中村智樹教授(1m47s)</a></p>
<!-- /wp:paragraph -->

<!-- wp:core-embed/youtube {""url"":""https://www.youtube.com/watch?v=dTfbzTl8XIQ"",""type"":""video"",""providerNameSlug"":""youtube"",""align"":""center"",""className"":""wp-embed-aspect-16-9 wp-has-aspect-ratio""} -->
<figure class=""wp-block-embed-youtube aligncenter wp-block-embed is-type-video is-provider-youtube wp-embed-aspect-16-9 wp-has-aspect-ratio""><div class=""wp-block-embed__wrapper"">
https://www.youtube.com/watch?v=dTfbzTl8XIQ
</div></figure>
<!-- /wp:core-embed/youtube -->",,2021/7/7,post,https://ysd-k.co.jp/announcement/1313/,https://ysd-k.co.jp/yoshida-cms/wp-content/uploads/2021/07/0707_page-0001-1.jpg,0707_page-0001 (1),,,,https://ysd-k.co.jp/yoshida-cms/wp-content/uploads/2021/07/0707_page-0001-1.jpg,,お知らせ,,,,ja,1313,,,,,publish,2,yoshida,soumu@ysd-k.co.jp,,,%e3%80%90hp%e6%8e%b2%e8%bc%89%e3%80%91hayabusa2-imss%e3%80%8c%e3%81%af%e3%82%84%e3%81%b6%e3%81%952-%e5%be%ae%e7%b2%92%e5%ad%90%e5%88%86%e6%9e%90%e3%80%8d%ef%bc%88%e4%bb%a4%e5%92%8c3%e5%b9%b47,,,0,0,0,closed,closed,2021/7/7
1331,HAYABUSA2-IMSS「Analysis of asteroid Ryugu」,"<!-- wp:paragraph -->
<p>The glove box manufactured by our company was introduced on The website of High Energy Accelerator Research Organization (KEK) Institute of Materials Structure Science HAYABUSA2-IMSS ""Hayabusa2 Fine Particle Analysis"" <br>
Please take a look from the link below.</p>
<!-- /wp:paragraph -->

<!-- wp:paragraph -->
<p>・Analysis of Ryugu samples with the muon beam from the J-PARC MLF begins.<br><a href=""https://www2.kek.jp/imss/news/hayabusa2/news/j-parc_mlf/"">https://www2.kek.jp/imss/news/hayabusa2/ｔ</a></p>
<!-- /wp:paragraph -->

<!-- wp:paragraph -->
<p>

・YouTube Institute of Materials Structure Science channel 2021/06/30<br><a rel=""noreferrer noopener"" href=""https://youtu.be/dTfbzTl8XIQ"" target=""_blank"">Prof. Tomoki Nakamura of Tohoku University installing the Ryugu sample in the muon experimental apparatus</a></p>
<!-- /wp:paragraph -->

<!-- wp:core-embed/youtube {""url"":""https://www.youtube.com/watch?v=dTfbzTl8XIQ"",""type"":""video"",""providerNameSlug"":""youtube"",""align"":""center"",""className"":""wp-embed-aspect-16-9 wp-has-aspect-ratio""} -->
<figure class=""wp-block-embed-youtube aligncenter wp-block-embed is-type-video is-provider-youtube wp-embed-aspect-16-9 wp-has-aspect-ratio""><div class=""wp-block-embed__wrapper"">
https://www.youtube.com/watch?v=dTfbzTl8XIQ
</div></figure>
<!-- /wp:core-embed/youtube -->",,2021/7/7,post,https://ysd-k.co.jp/en/announcement/1331/,https://ysd-k.co.jp/yoshida-cms/wp-content/uploads/2021/07/0707_page-0001-1.jpg,0707_page-0001 (1),,,,https://ysd-k.co.jp/yoshida-cms/wp-content/uploads/2021/07/0707_page-0001-1.jpg,,お知らせ,,,,en_US,1313,,,,,publish,2,yoshida,soumu@ysd-k.co.jp,,,hayabusa2-imss%e3%80%8canalysis-of-asteroid-ryugu%e3%80%8d,,,0,0,0,closed,closed,2021/7/7
1340,男女平等参画社会づくり功労賞受賞,"<!-- wp:paragraph -->
<p>2021年8月24日、茨城県水戸市から男女共同参画社会づくり功労賞を受賞しました。<br>この賞は、各分野において実践的な活動を積み重ね、 男女共同参画の推進における成果を表彰するものです。</p>
<!-- /wp:paragraph -->

<!-- wp:image {""id"":1356,""align"":""left"",""width"":440,""height"":663} -->
<div class=""wp-block-image""><figure class=""alignleft is-resized""><img src=""https://ysd-k.co.jp/yoshida-cms/wp-content/uploads/2021/09/07df95444a90095acdbda58b953e4751-679x1024.jpeg"" alt="""" class=""wp-image-1356"" width=""440"" height=""663""/></figure></div>
<!-- /wp:image -->

<!-- wp:image {""id"":1348,""width"":455,""height"":322} -->
<figure class=""wp-block-image is-resized""><img src=""https://ysd-k.co.jp/yoshida-cms/wp-content/uploads/2021/09/645ffb969f964a7bc59cbddd3a11dede-1024x724.jpg"" alt="""" class=""wp-image-1348"" width=""455"" height=""322""/></figure>
<!-- /wp:image -->

<!-- wp:core-embed/youtube {""url"":""https://youtu.be/jD0uNxQ_U00?t=538"",""type"":""video"",""providerNameSlug"":""youtube"",""className"":""wp-embed-aspect-16-9 wp-has-aspect-ratio""} -->
<figure class=""wp-block-embed-youtube wp-block-embed is-type-video is-provider-youtube wp-embed-aspect-16-9 wp-has-aspect-ratio""><div class=""wp-block-embed__wrapper"">
https://youtu.be/jD0uNxQ_U00?t=538
</div></figure>
<!-- /wp:core-embed/youtube -->",,2021/8/24,post,https://ysd-k.co.jp/announcement/1340/,https://ysd-k.co.jp/yoshida-cms/wp-content/uploads/2021/09/07df95444a90095acdbda58b953e4751-1.jpeg|https://ysd-k.co.jp/yoshida-cms/wp-content/uploads/2021/09/645ffb969f964a7bc59cbddd3a11dede.jpg|https://ysd-k.co.jp/yoshida-cms/wp-content/uploads/2021/09/07df95444a90095acdbda58b953e4751.jpeg,男女平等参画社会づくり功労賞|男女平等参画表彰状_page-0001 (1)|男女平等参画社会づくり功労賞,||,||,||,https://ysd-k.co.jp/yoshida-cms/wp-content/uploads/2021/09/07df95444a90095acdbda58b953e4751-1.jpeg,,お知らせ,,,,ja,1340,,2021/9/29,,,publish,2,yoshida,soumu@ysd-k.co.jp,,,%e7%94%b7%e5%a5%b3%e5%b9%b3%e7%ad%89%e5%8f%82%e7%94%bb%e7%a4%be%e4%bc%9a%e3%81%a5%e3%81%8f%e3%82%8a%e5%8a%9f%e5%8a%b4%e8%b3%9e%e5%8f%97%e8%b3%9e,,,0,0,0,closed,closed,2021/9/29
1342,Received the Gender Equality Achievement Award,"<!-- wp:paragraph -->
<p> On August 24th, 2021, Yoshida Inc. received the Gender Equality Award from Mito city, Ibaraki Prefecture. <br> This award is to recognize achievements in promoting Gender Equality; equal rights, opportunities and responsibilities for men and women in the workplace. </p>
<!-- /wp:paragraph -->

<!-- wp:image {""id"":1361,""align"":""left"",""width"":422,""height"":636} -->
<div class=""wp-block-image""><figure class=""alignleft is-resized""><img src=""https://ysd-k.co.jp/yoshida-cms/wp-content/uploads/2021/09/07df95444a90095acdbda58b953e4751-1-679x1024.jpeg"" alt="""" class=""wp-image-1361"" width=""422"" height=""636""/></figure></div>
<!-- /wp:image -->

<!-- wp:image {""id"":1348,""width"":488,""height"":345} -->
<figure class=""wp-block-image is-resized""><img src=""https://ysd-k.co.jp/yoshida-cms/wp-content/uploads/2021/09/645ffb969f964a7bc59cbddd3a11dede-1024x724.jpg"" alt="""" class=""wp-image-1348"" width=""488"" height=""345""/></figure>
<!-- /wp:image -->

<!-- wp:core-embed/youtube {""url"":""https://youtu.be/jD0uNxQ_U00?t=538"",""type"":""video"",""providerNameSlug"":""youtube"",""className"":""wp-embed-aspect-16-9 wp-has-aspect-ratio""} -->
<figure class=""wp-block-embed-youtube wp-block-embed is-type-video is-provider-youtube wp-embed-aspect-16-9 wp-has-aspect-ratio""><div class=""wp-block-embed__wrapper"">
https://youtu.be/jD0uNxQ_U00?t=538
</div></figure>
<!-- /wp:core-embed/youtube -->",,2021/8/24,post,https://ysd-k.co.jp/en/announcement/1342/,https://ysd-k.co.jp/yoshida-cms/wp-content/uploads/2021/09/07df95444a90095acdbda58b953e4751-1.jpeg|https://ysd-k.co.jp/yoshida-cms/wp-content/uploads/2021/09/9ca46c54aec3ba4acf0a9bcec4fab670.jpg,男女平等参画社会づくり功労賞|男女平等参画表彰状_page-0001,|,|,|,https://ysd-k.co.jp/yoshida-cms/wp-content/uploads/2021/09/07df95444a90095acdbda58b953e4751-1.jpeg,,お知らせ,,,,en_US,1340,,2021/9/29,,,publish,2,yoshida,soumu@ysd-k.co.jp,,,received-the-gender-equality-achievement-award,,,0,0,0,closed,closed,2021/9/29
1376,【新聞掲載記事】富岡に廃炉訓練拠点が完成　遠隔操作や分析、人材育成へ（福島民友新聞 令和3年10月9日）,"<!-- wp:paragraph {""align"":""left""} -->
<p style=""text-align:left"">福島民友新聞に、 弊社製作、東京パワーテクノロジー福島テクニカルセンター様向け模擬鉄セル及びグローブボックス導入の記事が掲載されました。 <br>今後、福島第１原発の廃炉に向けた人材を育成する拠点となる施設です。</p>
<!-- /wp:paragraph -->

<!-- wp:paragraph -->
<p></p>
<!-- /wp:paragraph -->

<!-- wp:image {""id"":1388} -->
<figure class=""wp-block-image""><img src=""https://ysd-k.co.jp/yoshida-cms/wp-content/uploads/2021/10/211009news02-thumb-300xauto-59295.jpg"" alt="""" class=""wp-image-1388""/></figure>
<!-- /wp:image -->

<!-- wp:paragraph -->
<p>ぜひ、下記リンクよりご覧ください<br><a href=""https://www.minyu-net.com/news/news/FM20211009-660447.php"">https://www.minyu-net.com/news/news/FM20211009-660447.php</a></p>
<!-- /wp:paragraph -->",,2021/10/12,post,https://ysd-k.co.jp/announcement/1376/,https://ysd-k.co.jp/yoshida-cms/wp-content/uploads/2021/10/11_page-00011.jpg|https://ysd-k.co.jp/yoshida-cms/wp-content/uploads/2021/10/211009news02-thumb-300xauto-59295.jpg,11_page-00011|211009news02-thumb-300xauto-59295,|,|,|,https://ysd-k.co.jp/yoshida-cms/wp-content/uploads/2021/10/11_page-00011.jpg,,お知らせ,,,,ja,1376,,,,,publish,2,yoshida,soumu@ysd-k.co.jp,,,%e3%80%90%e6%96%b0%e8%81%9e%e6%8e%b2%e8%bc%89%e8%a8%98%e4%ba%8b%e3%80%91%e5%af%8c%e5%b2%a1%e3%81%ab%e5%bb%83%e7%82%89%e8%a8%93%e7%b7%b4%e6%8b%a0%e7%82%b9%e3%81%8c%e5%ae%8c%e6%88%90%e3%80%80%e9%81%a0,,,0,0,0,closed,closed,2021/10/12
1404,公式インスタグラム開設,"<!-- wp:paragraph -->
<p>株式会社ヨシダの公式インスタグラムを開設しました。<br>弊社の製品や社員の様子など、たくさんシェアしてまいりますので、ぜひ、フォローをお願いいたします。 <br><br><a href=""https://www.instagram.com/yoshida1923_japan/"">https://www.instagram.com/yoshida1923_japan/</a></p>
<!-- /wp:paragraph -->

<!-- wp:image {""id"":1406,""align"":""left"",""width"":293,""height"":492} -->
<div class=""wp-block-image""><figure class=""alignleft is-resized""><img src=""https://ysd-k.co.jp/yoshida-cms/wp-content/uploads/2021/10/723b7adf346759e00bf759225eef4683.jpg"" alt="""" class=""wp-image-1406"" width=""293"" height=""492""/></figure></div>
<!-- /wp:image -->",,2021/10/25,post,https://ysd-k.co.jp/announcement/1404/,https://ysd-k.co.jp/yoshida-cms/wp-content/uploads/2021/10/723b7adf346759e00bf759225eef4683.jpg,QRｺｰﾄﾞ,,,,https://ysd-k.co.jp/yoshida-cms/wp-content/uploads/2021/10/723b7adf346759e00bf759225eef4683.jpg,,お知らせ,,,,ja,1404,,,,,publish,2,yoshida,soumu@ysd-k.co.jp,,,%e5%85%ac%e5%bc%8f%e3%82%a4%e3%83%b3%e3%82%b9%e3%82%bf%e3%82%b0%e3%83%a9%e3%83%a0%e9%96%8b%e8%a8%ad,,,0,0,0,closed,closed,2021/10/25
1410,Official Instagram account opened,"<!-- wp:paragraph -->
<p>Yoshida Inc. in Japan finally opened its official Instagram account! Follow us for more: <br><br><a href=""https://www.instagram.com/yoshida1923_japan/"">https://www.instagram.com/yoshida1923_japan/</a></p>
<!-- /wp:paragraph -->

<!-- wp:image {""id"":1406,""align"":""left"",""width"":293,""height"":492} -->
<div class=""wp-block-image""><figure class=""alignleft is-resized""><img src=""https://ysd-k.co.jp/yoshida-cms/wp-content/uploads/2021/10/723b7adf346759e00bf759225eef4683.jpg"" alt="""" class=""wp-image-1406"" width=""293"" height=""492""/></figure></div>
<!-- /wp:image -->",,2021/10/25,post,https://ysd-k.co.jp/en/announcement/1410/,https://ysd-k.co.jp/yoshida-cms/wp-content/uploads/2021/10/723b7adf346759e00bf759225eef4683.jpg,QRｺｰﾄﾞ,,,,https://ysd-k.co.jp/yoshida-cms/wp-content/uploads/2021/10/723b7adf346759e00bf759225eef4683.jpg,,お知らせ,,,,en_US,1404,,,,,publish,2,yoshida,soumu@ysd-k.co.jp,,,official-instagram-account-opened,,,0,0,0,closed,closed,2021/10/25
1420,令和3年度茨城県技能者表彰,"<!-- wp:paragraph -->
<p> この度、弊社社員、小泉英雄が茨城県技能者表彰を受章いたしました。  <br>これもひとえに、皆様方のご指導の賜物と改めて感謝申し上げる次第です。                                                   社員一同、2年後の創立100周年に向けて、さらなるヨシダの発展に尽力してまいる所存です。今後とも皆様方におかれましては、ご指導、ご鞭撻を賜りますようお願い申し上げます。  </p>
<!-- /wp:paragraph -->

<!-- wp:image {""id"":1422} -->
<figure class=""wp-block-image""><img src=""https://ysd-k.co.jp/yoshida-cms/wp-content/uploads/2021/12/1_page-0001.jpg"" alt="""" class=""wp-image-1422""/></figure>
<!-- /wp:image -->",,2021/11/25,post,https://ysd-k.co.jp/announcement/1420/,https://ysd-k.co.jp/yoshida-cms/wp-content/uploads/2021/12/1_page-0001.jpg,1_page-0001,,,,https://ysd-k.co.jp/yoshida-cms/wp-content/uploads/2021/12/1_page-0001.jpg,,お知らせ,,,,ja,1420,,2021/12/8,,,publish,2,yoshida,soumu@ysd-k.co.jp,,,%e4%bb%a4%e5%92%8c3%e5%b9%b4%e5%ba%a6%e8%8c%a8%e5%9f%8e%e7%9c%8c%e6%8a%80%e8%83%bd%e8%80%85%e8%a1%a8%e5%bd%b0,,,0,0,0,closed,closed,2021/12/8
1427,Received Technician Award of Ibaraki Prefectural Government,"<!-- wp:paragraph -->
<p>We are thrilled to announce that Mr. Hideo Koizumi, one of our colleagues, has received Technician Award of Ibaraki Prefectural Government. <br>We would like to take this opportunity to express our deepest gratitude to all those who have been providing support and guidance.  <br>We, Yoshida, are committed to the continuing development and marking our 100<sup>th</sup> anniversary of the founding in 2 years.  <br>We look forward to your continued guidance and support. Thank you. </p>
<!-- /wp:paragraph -->

<!-- wp:image {""id"":1422} -->
<figure class=""wp-block-image""><img src=""https://ysd-k.co.jp/yoshida-cms/wp-content/uploads/2021/12/1_page-0001.jpg"" alt="""" class=""wp-image-1422""/></figure>
<!-- /wp:image -->",,2021/12/9,post,https://ysd-k.co.jp/en/announcement/1427/,https://ysd-k.co.jp/yoshida-cms/wp-content/uploads/2021/12/1_page-0001.jpg,1_page-0001,,,,https://ysd-k.co.jp/yoshida-cms/wp-content/uploads/2021/12/1_page-0001.jpg,,お知らせ,,,,en_US,1420,%e4%bb%a4%e5%92%8c3%e5%b9%b4%e5%ba%a6%e8%8c%a8%e5%9f%8e%e7%9c%8c%e6%8a%80%e8%83%bd%e8%80%85%e8%a1%a8%e5%bd%b0,2021/12/8,,,publish,2,yoshida,soumu@ysd-k.co.jp,,,%e4%bb%a4%e5%92%8c3%e5%b9%b4%e5%ba%a6%e8%8c%a8%e5%9f%8e%e7%9c%8c%e6%8a%80%e8%83%bd%e8%80%85%e8%a1%a8%e5%bd%b0-2,,,0,0,0,closed,closed,2021/12/9
1452,当社役員人事に関するお知らせ,"<!-- wp:image {""id"":1453,""width"":659,""height"":932} -->
<figure class=""wp-block-image is-resized""><img src=""https://ysd-k.co.jp/yoshida-cms/wp-content/uploads/2022/07/20220701113305_page-0001-724x1024.jpg"" alt="""" class=""wp-image-1453"" width=""659"" height=""932""/></figure>
<!-- /wp:image -->",,2022/7/1,post,https://ysd-k.co.jp/announcement/1452/,https://ysd-k.co.jp/yoshida-cms/wp-content/uploads/2022/07/20220701113305_page-0001.jpg,20220701113305_page-0001,,,,https://ysd-k.co.jp/yoshida-cms/wp-content/uploads/2022/07/20220701113305_page-0001.jpg,,お知らせ,,,,ja,1452,,,,,publish,2,yoshida,soumu@ysd-k.co.jp,,,%e5%bd%93%e7%a4%be%e5%bd%b9%e5%93%a1%e4%ba%ba%e4%ba%8b%e3%81%ab%e9%96%a2%e3%81%99%e3%82%8b%e3%81%8a%e7%9f%a5%e3%82%89%e3%81%9b,,,0,0,0,closed,closed,2022/7/1
1457,【HP掲載】「素粒子ミュオンにより非破壊で 小惑星リュウグウの石の元素分析に成功 - 太陽系を代表する新たな標準試料となる可能性 -（令和4年9月23日）,"<!-- wp:paragraph -->
<p>高エネルギー加速器研究機構(KEK)様 及び、 高エネルギー加速器研究機構 J-PARCセンター 日本原子力研究開発機構様 ホームページにて、弊社が製作したグローブボックスが紹介されました。<br>ぜひ、下記リンクよりご覧ください</p>
<!-- /wp:paragraph -->

<!-- wp:paragraph -->
<p>・素粒子ミュオンにより非破壊で 小惑星リュウグウの石の元素分析に成功 －太陽系を代表する新たな標準試料となる可能性－<br><a href=""https://www.kek.jp/ja/press/202209231030muon/"">https://www.kek.jp/ja/press/202209231030muon/</a> (KEK様)<br><a href=""https://j-parc.jp/c/press-release/2022/09/23001011.html"">https://j-parc.jp/c/press-release/2022/09/23001011.html</a> ( 高エネルギー加速器研究機構 J-PARCセンター 日本原子力研究開発機構様 )</p>
<!-- /wp:paragraph -->

<!-- wp:paragraph -->
<p><br></p>
<!-- /wp:paragraph -->

<!-- wp:paragraph -->
<p></p>
<!-- /wp:paragraph -->",,2022/9/27,post,https://ysd-k.co.jp/announcement/1457/,https://ysd-k.co.jp/yoshida-cms/wp-content/uploads/2021/07/0707_page-0001-1.jpg,0707_page-0001 (1),,,,https://ysd-k.co.jp/yoshida-cms/wp-content/uploads/2021/07/0707_page-0001-1.jpg,,お知らせ,,,,ja,1457,,,,,publish,2,yoshida,soumu@ysd-k.co.jp,,,%e3%80%90hp%e6%8e%b2%e8%bc%89%e3%80%91%e3%80%8c%e7%b4%a0%e7%b2%92%e5%ad%90%e3%83%9f%e3%83%a5%e3%82%aa%e3%83%b3%e3%81%ab%e3%82%88%e3%82%8a%e9%9d%9e%e7%a0%b4%e5%a3%8a%e3%81%a7-%e5%b0%8f%e6%83%91,,,0,0,0,closed,closed,2022/11/1
1470,Muon experiment reveals more detail of asteroid Ryugu,"<!-- wp:paragraph -->
<p>We would like to share the good news that Yoshida’s glovebox was used to find the oxygen abundance in asteroid Ryugu by High Energy Accelerator Research Organization (KEK), Japan Proton Accelerator Research Complex (J-PARC) Center and Japan Atomic Energy Agency (JAEA). To learn more check the link below.<br><br><br></p>
<!-- /wp:paragraph -->

<!-- wp:paragraph -->
<p>High Energy Accelerator Research Organization. (2022, Oct 4). Muon experiment reveals more detail of asteroid Ryugu<br><a href=""https://www.kek.jp/ja/press/202209231030muon/"">https://www.kek.jp/ja/press/202209231030muon/</a> <br><br>Japan Proton Accelerator Research Complex. (2022, Sep 23). Asteroid Explorer Hayabusa2 Initial Analysis Stone Team reveals Formation and evolution of the carbonaceous asteroid Ryugu<br><a href=""https://j-parc.jp/c/press-release/2022/09/23001011.html"">https://j-parc.jp/c/press-release/2022/09/23001011.html</a> </p>
<!-- /wp:paragraph -->

<!-- wp:paragraph -->
<p><br></p>
<!-- /wp:paragraph -->

<!-- wp:paragraph -->
<p></p>
<!-- /wp:paragraph -->",,2022/10/31,post,https://ysd-k.co.jp/en/announcement/1470/,https://ysd-k.co.jp/yoshida-cms/wp-content/uploads/2021/07/0707_page-0001-1.jpg,0707_page-0001 (1),,,,https://ysd-k.co.jp/yoshida-cms/wp-content/uploads/2021/07/0707_page-0001-1.jpg,,お知らせ,,,,en_US,1457,%e3%80%90hp%e6%8e%b2%e8%bc%89%e3%80%91%e3%80%8c%e7%b4%a0%e7%b2%92%e5%ad%90%e3%83%9f%e3%83%a5%e3%82%aa%e3%83%b3%e3%81%ab%e3%82%88%e3%82%8a%e9%9d%9e%e7%a0%b4%e5%a3%8a%e3%81%a7-%e5%b0%8f%e6%83%91,,,,publish,2,yoshida,soumu@ysd-k.co.jp,,,%e3%80%90hp%e6%8e%b2%e8%bc%89%e3%80%91%e3%80%8c%e7%b4%a0%e7%b2%92%e5%ad%90%e3%83%9f%e3%83%a5%e3%82%aa%e3%83%b3%e3%81%ab%e3%82%88%e3%82%8a%e9%9d%9e%e7%a0%b4%e5%a3%8a%e3%81%a7-%e5%b0%8f%e6%83%91-2,,,0,0,0,closed,closed,2022/10/31
1505,【新聞掲載記事】プラズマ溶接を活用した挑戦、原子力対応品質の適用を拡大（溶接ニュース　令和5年4月25日）,"<!-- wp:paragraph -->
<p>グローブボックスや原子力用容器などの設計から製造を行っているヨシダ（茨城県水戸市六反田町、米川周佑社長）は、1923年に創業し今年4月1日で創業100周年を迎えた。同社の製品にはステンレス鋼が多く、長年ティグ溶接を活用してきた。今回、新たに挑戦しているプラズマ溶接の適用と今後の事業展開について、米川周佑社長と製造部製造課の岩崎政伸主任に話を聞いた。 <br>「当社の転換点は、1961年に日本原子力開発機構（JAEA）からグローブボックスの試作・開発を請け負い、日本初の原子力用グローブボックスの製造を開始したこと。そして2018年7月に新工場（本社工場）が完成したことだ」と米川社長は振り返る。現在、本社工場をステンレス専用、塩崎工場（茨城県水戸市塩崎町）を鉄専用としている。  <br>また「当社の強みは、設計・機械加工・溶接組み立ての三位一体により社内で全て完結できることだ」と米川社長は言う。一品ものの製造を多く行う同社では、営業担当者と設計担当者が顧客と打ち合わせを行い、製造部門の優れた技術により製品化を行う。  <br>製造部門の要となる溶接にも注力しており、原子力施設溶接士技能の認証を取得するとともに、入社5年以内にステンレス鋼溶接技能者資格のティグ溶接専門級（TN-P）を取得するよう社員に対してサポートを行い、これまで茨城県溶接協会主催の溶接技術コンクール（ティグ溶接の部）において、最優秀賞などの入賞者を輩出している。  <br>同社では「入社10年でプロジェクトを取りまとめることができるように、若手社員の育成にも注力している」（米川社長）。入社10年目の岩崎主任は、設計部門の担当者と工程確認など含めプロジェクトを取りまとめるとともに、第一線の製造現場で活躍し、大手顧客への説明も自ら行う中心的な役割を担っている。 　東日本大震災発生による福島第一原子力発電所の事故以来、原子力関連グローブボックスの需要は変化した。以前は放射線量の高いサンプルを使用する場合は、鉄セルと呼ばれる厚さ300ミリの遮蔽板を使用した設備が主流であったが、福島第一原子力発電所の事故によりユーザが納期やコストも重視したため、これまでの鉄遮蔽板を見直し新たな鉛遮蔽板グローブボックスの開発を行ったまた同社では、大手重工メーカーの依頼で福島第一原子力発電所の廃炉に向けて使用されるエンクロージャのモックアップ開発も行った 。 福島第一原発2号機では、蛇型ロボット(アーム型アクセス・調査装置)が内に入りデブリのサンプ リングを行うことを想定しているが、汚染したアクセス装置が戻ってきた際に、サンプリングやメンテナンスなどを実施するめのエンクロージャックアップ機を製造した 。 <br>製造に際しては6メートルと2メートルの底板を溶接するとともに、エンクロージャの板厚28ミリ底板の公差を3ミリ以下とした。  <br>岩崎主任は「熱歪みをおさえることと、完全溶け込み溶接を行うためにプラズマ溶接を活用した」という。 <br>プラズマ溶接機の導入にあたり「日鉄溶接工業以外も検討したが、日鉄溶接工業でサンプル溶接がうまくいったことと、設計担当者がロボットや走行台車などを含めトータルでシステム提案してくれたことで採用を決めた」（岩崎氏）という。 <br>これにより2021年に事業再構築補助金を活用しプラズマ溶接電源「350AH-V」や安川電機製の6軸ロボットを採用した。また、システムの中の日鉄溶接工業製の走行台車や実際に溶接したサンプルは、2022国際ウエルディングショーの日鉄溶接工業ブースにも展示され参観者から注目を集めた。   <br>今後の事業展開について米川社長は「放射性廃棄物容器は1970年代から製造しており、50年近くティグ溶接で行ってきた。今後は原子力関連の廃棄物が増えることが見込まれており、廃棄物容器の量産化に対しプラズマ溶接を活用していきたい」としている。 <br>すでに同社では、廃棄物容器のモックアップにプラズマ溶接を活用している。「モックアップを成功させ、まだだれも行っていない廃棄物容器の量産を今年夏頃から行っていく」（米川社長）。また、これまで原子力関連で蓄積してきたノウハウを製薬関連にも拡大しており、製薬会社から要望のあった原子力対応スペックのグローブボックス製造にも取り組んでいる。さらに攪拌機付き大型のタンクの製造で使用する内径2600ミリや2800ミリの特殊鏡板の溶接にも適用を拡大させていく方針だ。  <br>米川社長は「今後とも、原子力関連で培った高い技術力をとプラズマ溶接を活用し、新たな製品づくりに挑戦していく」と意欲的だ。    </p>
<!-- /wp:paragraph -->

<!-- wp:gallery {""ids"":[1522]} -->
<ul class=""wp-block-gallery columns-1 is-cropped""><li class=""blocks-gallery-item""><figure><img src=""https://ysd-k.co.jp/yoshida-cms/wp-content/uploads/2023/04/0608740c2ed073605c9449143284c804-526x1024.jpg"" alt="""" data-id=""1522"" data-link=""https://ysd-k.co.jp/%e3%83%a8%e3%82%b7%e3%83%80%e6%a7%98%e3%80%80%e3%80%8c%e6%ba%b6%e6%8e%a5%e3%83%8b%e3%83%a5%e3%83%bc%e3%82%b9%e3%80%8d4%e6%9c%8825%e6%97%a5%e4%bb%98%e3%82%b9%e3%83%86%e3%83%b3%e3%83%ac%e3%82%b9/"" class=""wp-image-1522""/></figure></li></ul>
<!-- /wp:gallery -->

<!-- wp:paragraph -->
<p></p>
<!-- /wp:paragraph -->

<!-- wp:paragraph -->
<p></p>
<!-- /wp:paragraph -->

<!-- wp:paragraph -->
<p></p>
<!-- /wp:paragraph -->

<!-- wp:paragraph -->
<p></p>
<!-- /wp:paragraph -->

<!-- wp:paragraph -->
<p></p>
<!-- /wp:paragraph -->

<!-- wp:paragraph -->
<p></p>
<!-- /wp:paragraph -->

<!-- wp:paragraph -->
<p></p>
<!-- /wp:paragraph -->",,2023/4/25,post,https://ysd-k.co.jp/announcement/1505/,https://ysd-k.co.jp/yoshida-cms/wp-content/uploads/2023/04/0608740c2ed073605c9449143284c804.jpg,ヨシダ様　「溶接ニュース」4月25日付ステンレス特集ご掲載ページPDF,,,,https://ysd-k.co.jp/yoshida-cms/wp-content/uploads/2023/04/0608740c2ed073605c9449143284c804.jpg,,お知らせ,,,,ja,1505,,,,,publish,2,yoshida,soumu@ysd-k.co.jp,,,%e3%80%90%e6%96%b0%e8%81%9e%e6%8e%b2%e8%bc%89%e8%a8%98%e4%ba%8b%e3%80%91%e3%83%97%e3%83%a9%e3%82%ba%e3%83%9e%e6%ba%b6%e6%8e%a5%e3%82%92%e6%b4%bb%e7%94%a8%e3%81%97%e3%81%9f%e6%8c%91%e6%88%a6%e3%80%81,,,0,0,0,closed,closed,2023/4/25
1547,国際廃炉研究開発機構(IRID)_令和4年度研究開発成果へ掲載,"<!-- wp:paragraph -->
<p>国際廃炉研究開発機構(IRID)が実施している「燃料デブリの段階的に規模を拡大した取り出し技術の開発」成果にて、弊社が製作を担ったエンクロージャが紹介されました。</p>
<!-- /wp:paragraph -->

<!-- wp:paragraph -->
<p><a href=""https://irid.or.jp/wp-content/uploads/2023/06/2022007dandori202306F.pdf"">https://irid.or.jp/wp-content/uploads/2023/06/2022007dandori202306F.pdf</a></p>
<!-- /wp:paragraph -->

<!-- wp:image {""id"":1617} -->
<figure class=""wp-block-image""><img src=""https://ysd-k.co.jp/yoshida-cms/wp-content/uploads/2023/09/3759338124335e805023df936b206a23-1-1024x791.jpg"" alt="""" class=""wp-image-1617""/><figcaption><br><br></figcaption></figure>
<!-- /wp:image -->

<!-- wp:image {""id"":1618} -->
<figure class=""wp-block-image""><img src=""https://ysd-k.co.jp/yoshida-cms/wp-content/uploads/2023/09/67d486da14e964d4ae225f92aa99005d-1-1024x791.jpg"" alt="""" class=""wp-image-1618""/></figure>
<!-- /wp:image -->

<!-- wp:image {""id"":1619} -->
<figure class=""wp-block-image""><img src=""https://ysd-k.co.jp/yoshida-cms/wp-content/uploads/2023/09/6b1091c752a630d8a4995b96472e7778-1-1024x791.jpg"" alt="""" class=""wp-image-1619""/></figure>
<!-- /wp:image -->",,2023/6/20,post,https://ysd-k.co.jp/announcement/1547/,https://ysd-k.co.jp/yoshida-cms/wp-content/uploads/2023/06/PXL_20221107_061353339.jpg|https://ysd-k.co.jp/yoshida-cms/wp-content/uploads/2023/09/3759338124335e805023df936b206a23-1.jpg|https://ysd-k.co.jp/yoshida-cms/wp-content/uploads/2023/09/67d486da14e964d4ae225f92aa99005d-1.jpg|https://ysd-k.co.jp/yoshida-cms/wp-content/uploads/2023/09/6b1091c752a630d8a4995b96472e7778-1.jpg,PXL_20221107_061353339|エンクロジャー製作_ページ_1|エンクロジャー製作_ページ_2|エンクロジャー製作_ページ_3,|||,|||,|||,https://ysd-k.co.jp/yoshida-cms/wp-content/uploads/2023/06/PXL_20221107_061353339.jpg,,お知らせ,,,,ja,1547,,2023-09-06|2023-06-06,,,publish,2,yoshida,soumu@ysd-k.co.jp,,,%e5%9b%bd%e9%9a%9b%e5%bb%83%e7%82%89%e7%a0%94%e7%a9%b6%e9%96%8b%e7%99%ba%e6%a9%9f%e6%a7%8birid%e3%81%ae%e4%bb%a4%e5%92%8c4%e5%b9%b4%e5%ba%a6%e7%a0%94%e7%a9%b6%e9%96%8b%e7%99%ba%e6%88%90%e6%9e%9c,,,0,0,0,closed,closed,2025/3/5
1646,卓越した技能者（現代の名工）表彰,"<!-- wp:paragraph -->
<p>この度、弊社社員_小泉英雄が厚生労働省より卓越した技能者（現代の名工）を受賞いたしました。これもひとえに 、皆様方のご指導の賜物と改めて感謝申し上げる次第です 。 社員一同、  さらなるヨシダの発展に尽力してまいる所存です。今後とも皆様方におかれましては、ご指導、ご鞭撻を賜りますようお願い申し上げます。 </p>
<!-- /wp:paragraph -->

<!-- wp:image {""id"":1649,""width"":577,""height"":433} -->
<figure class=""wp-block-image is-resized""><img src=""https://ysd-k.co.jp/yoshida-cms/wp-content/uploads/2023/11/451-1024x768.jpg"" alt="""" class=""wp-image-1649"" width=""577"" height=""433""/></figure>
<!-- /wp:image -->",,2023/11/14,post,https://ysd-k.co.jp/announcement/1646/,https://ysd-k.co.jp/yoshida-cms/wp-content/uploads/2023/11/451.jpg,451,,,,https://ysd-k.co.jp/yoshida-cms/wp-content/uploads/2023/11/451.jpg,,お知らせ,,,,ja,1646,,,,,publish,2,yoshida,soumu@ysd-k.co.jp,,,%e5%8d%93%e8%b6%8a%e3%81%97%e3%81%9f%e6%8a%80%e8%83%bd%e8%80%85%ef%bc%88%e7%8f%be%e4%bb%a3%e3%81%ae%e5%90%8d%e5%b7%a5%ef%bc%89%e8%a1%a8%e5%bd%b0,,,0,0,0,closed,closed,2023/11/14
1681,黄綬褒章を受章,"<!-- wp:paragraph -->
<p>11月3日に弊社社員 小泉英雄が秋の褒章『黄綬褒章』を受章いたしました。 <br>これもひとえに、皆様方のご指導の賜物と改めて感謝申し上げる次第です。 <br>11月26日にホテルニューオータニにて、令和6年秋の褒章伝達式及び拝謁式がおこなわれます。 <br>今後とも皆様方におかれましては、ご指導、ご鞭撻を賜りますようお願い申し上げます。</p>
<!-- /wp:paragraph -->

<!-- wp:paragraph -->
<p></p>
<!-- /wp:paragraph -->

<!-- wp:paragraph -->
<p><br></p>
<!-- /wp:paragraph -->

<!-- wp:paragraph -->
<p></p>
<!-- /wp:paragraph -->

<!-- wp:paragraph -->
<p></p>
<!-- /wp:paragraph -->",,2024/11/12,post,https://ysd-k.co.jp/announcement/1681/,https://ysd-k.co.jp/yoshida-cms/wp-content/uploads/2024/11/oju-hosho.jpg,oju-hosho,,,,https://ysd-k.co.jp/yoshida-cms/wp-content/uploads/2024/11/oju-hosho.jpg,,お知らせ,,,,ja,1681,,,,,publish,2,yoshida,soumu@ysd-k.co.jp,,,%e9%bb%84%e7%b6%ac%e8%a4%92%e7%ab%a0%e3%82%92%e5%8f%97%e7%ab%a0,,,0,0,0,closed,closed,2025/2/4
1711,宇宙航空研究開発機構（JAXA）より国際宇宙ステーション（ISS）「きぼう」日本実験棟 自動実験システム（GEMPAK）の開発に関する業務を受託しました,"<!-- wp:image {""id"":1746,""align"":""center""} -->
<div class=""wp-block-image""><figure class=""aligncenter""><img src=""https://ysd-k.co.jp/yoshida-cms/wp-content/uploads/2025/02/f9978125aec38021fb2b7ea299b55179-4-724x1024.jpg"" alt="""" class=""wp-image-1746""/></figure></div>
<!-- /wp:image -->",,2025/1/21,post,https://ysd-k.co.jp/announcement/1711/,https://ysd-k.co.jp/yoshida-cms/wp-content/uploads/2025/02/1-2.pdf|https://ysd-k.co.jp/yoshida-cms/wp-content/uploads/2025/02/f9978125aec38021fb2b7ea299b55179-1.jpg|https://ysd-k.co.jp/yoshida-cms/wp-content/uploads/2025/02/f9978125aec38021fb2b7ea299b55179-2.jpg|https://ysd-k.co.jp/yoshida-cms/wp-content/uploads/2025/02/f9978125aec38021fb2b7ea299b55179-3.jpg|https://ysd-k.co.jp/yoshida-cms/wp-content/uploads/2025/02/f9978125aec38021fb2b7ea299b55179-4.jpg,1|ヨシダ_プレスリリース_20250121|ヨシダ_プレスリリース_20250121|ヨシダ_プレスリリース_20250121|ヨシダ_プレスリリース_20250121,||||,||||,||||,https://ysd-k.co.jp/yoshida-cms/wp-content/uploads/2025/02/1-2.pdf,https://ysd-k.co.jp/yoshida-cms/wp-content/uploads/2025/02/1-1.pdf|https://ysd-k.co.jp/yoshida-cms/wp-content/uploads/2025/02/1-2.pdf|https://ysd-k.co.jp/yoshida-cms/wp-content/uploads/2025/02/JAXA-3.pdf|https://ysd-k.co.jp/yoshida-cms/wp-content/uploads/2025/02/1-3.pdf,お知らせ,,,,ja,1711,%e5%ae%87%e5%ae%99%e8%88%aa%e7%a9%ba%e7%a0%94%e7%a9%b6%e9%96%8b%e7%99%ba%e6%a9%9f%e6%a7%8b%ef%bc%88jaxa%ef%bc%89%e3%82%88%e3%82%8a%e5%9b%bd%e9%9a%9b%e5%ae%87%e5%ae%99%e3%82%b9%e3%83%86%e3%83%bc,2025/2/4,,,publish,2,yoshida,soumu@ysd-k.co.jp,,,%e5%ae%87%e5%ae%99%e8%88%aa%e7%a9%ba%e7%a0%94%e7%a9%b6%e9%96%8b%e7%99%ba%e6%a9%9f%e6%a7%8b%ef%bc%88jaxa%ef%bc%89%e3%82%88%e3%82%8a%e5%9b%bd%e9%9a%9b%e5%ae%87%e5%ae%99%e3%82%b9%e3%83%86%e3%83%bc-2,,,0,0,0,closed,closed,2025/2/4
1780,ツギノジダイ　インタビュー記事　掲載,"<!-- wp:paragraph {""align"":""left""} -->
<p style=""text-align:left"">「ツギノジダイ」へ弊社代表取締役のインタビュー記事が掲載されました。 <br>詳細は、下記リンクをご参照ください。 </p>
<!-- /wp:paragraph -->

<!-- wp:paragraph -->
<p><a href=""https://smbiz.asahi.com/article/15624972"">https://smbiz.asahi.com/article/15624972</a></p>
<!-- /wp:paragraph -->

<!-- wp:gallery {""ids"":[1793]} -->
<ul class=""wp-block-gallery columns-1 is-cropped""><li class=""blocks-gallery-item""><figure><img src=""https://ysd-k.co.jp/yoshida-cms/wp-content/uploads/2025/02/9fb5fe09d9fe2ffce70a3906c43d9ecd.png"" alt="""" data-id=""1793"" data-link=""https://ysd-k.co.jp/%e3%82%a4%e3%83%b3%e3%82%bf%e3%83%93%e3%83%a5%e3%83%bc-%e2%91%a0/"" class=""wp-image-1793""/></figure></li></ul>
<!-- /wp:gallery -->

<!-- wp:gallery {""ids"":[1794]} -->
<ul class=""wp-block-gallery columns-1 is-cropped""><li class=""blocks-gallery-item""><figure><img src=""https://ysd-k.co.jp/yoshida-cms/wp-content/uploads/2025/02/c46306ea7bd6f7e50c446597514dd00c.png"" alt="""" data-id=""1794"" data-link=""https://ysd-k.co.jp/%e3%82%a4%e3%83%b3%e3%82%bf%e3%83%93%e3%83%a5%e3%83%bc%e2%91%a1/"" class=""wp-image-1794""/></figure></li></ul>
<!-- /wp:gallery -->

<!-- wp:gallery {""ids"":[1795]} -->
<ul class=""wp-block-gallery columns-1 is-cropped""><li class=""blocks-gallery-item""><figure><img src=""https://ysd-k.co.jp/yoshida-cms/wp-content/uploads/2025/02/ab7da972ee4f1b295fa209b14bc5b54a.png"" alt="""" data-id=""1795"" data-link=""https://ysd-k.co.jp/%e3%82%a4%e3%83%b3%e3%82%bf%e3%83%93%e3%83%a5%e3%83%bc%e2%91%a2/"" class=""wp-image-1795""/></figure></li></ul>
<!-- /wp:gallery -->

<!-- wp:gallery {""ids"":[1796]} -->
<ul class=""wp-block-gallery columns-1 is-cropped""><li class=""blocks-gallery-item""><figure><img src=""https://ysd-k.co.jp/yoshida-cms/wp-content/uploads/2025/02/5a6147cc8b1ec1a9d010abff765d4fc0.png"" alt="""" data-id=""1796"" data-link=""https://ysd-k.co.jp/%e3%82%a4%e3%83%b3%e3%82%bf%e3%83%93%e3%83%a5%e3%83%bc%e2%91%a3/"" class=""wp-image-1796""/></figure></li></ul>
<!-- /wp:gallery -->

<!-- wp:gallery {""ids"":[1797]} -->
<ul class=""wp-block-gallery columns-1 is-cropped""><li class=""blocks-gallery-item""><figure><img src=""https://ysd-k.co.jp/yoshida-cms/wp-content/uploads/2025/02/13cad4108ffe2709d5f1d6b2c9446c46.png"" alt="""" data-id=""1797"" data-link=""https://ysd-k.co.jp/%e3%82%a4%e3%83%b3%e3%82%bf%e3%83%93%e3%83%a5%e3%83%bc%e2%91%a4/"" class=""wp-image-1797""/></figure></li></ul>
<!-- /wp:gallery -->

<!-- wp:gallery {""ids"":[]} -->
<ul class=""wp-block-gallery columns-0 is-cropped""></ul>
<!-- /wp:gallery -->

<!-- wp:gallery {""ids"":[]} -->
<ul class=""wp-block-gallery columns-0 is-cropped""></ul>
<!-- /wp:gallery -->

<!-- wp:gallery {""ids"":[]} -->
<ul class=""wp-block-gallery columns-0 is-cropped""></ul>
<!-- /wp:gallery -->

<!-- wp:gallery {""ids"":[1798]} -->
<ul class=""wp-block-gallery columns-1 is-cropped""><li class=""blocks-gallery-item""><figure><img src=""https://ysd-k.co.jp/yoshida-cms/wp-content/uploads/2025/02/72485be86b9d2e287aedc71cb14fe22a.png"" alt="""" data-id=""1798"" data-link=""https://ysd-k.co.jp/%e3%82%a4%e3%83%b3%e3%82%bf%e3%83%93%e3%83%a5%e3%83%bc%e2%91%a5/"" class=""wp-image-1798""/></figure></li></ul>
<!-- /wp:gallery -->

<!-- wp:gallery {""ids"":[1799]} -->
<ul class=""wp-block-gallery columns-1 is-cropped""><li class=""blocks-gallery-item""><figure><img src=""https://ysd-k.co.jp/yoshida-cms/wp-content/uploads/2025/02/48f29e7b1504422eb4284b4ac991c034.png"" alt="""" data-id=""1799"" data-link=""https://ysd-k.co.jp/%e3%82%a4%e3%83%b3%e3%82%bf%e3%83%93%e3%83%a5%e3%83%bc%e2%91%a6/"" class=""wp-image-1799""/></figure></li></ul>
<!-- /wp:gallery -->

<!-- wp:gallery {""ids"":[1800]} -->
<ul class=""wp-block-gallery columns-1 is-cropped""><li class=""blocks-gallery-item""><figure><img src=""https://ysd-k.co.jp/yoshida-cms/wp-content/uploads/2025/02/7b913f70283a9e8cb8e27d459f1d16fb.png"" alt="""" data-id=""1800"" data-link=""https://ysd-k.co.jp/%e3%82%a4%e3%83%b3%e3%82%bf%e3%83%93%e3%83%a5%e3%83%bc%e2%91%a7/"" class=""wp-image-1800""/></figure></li></ul>
<!-- /wp:gallery -->

<!-- wp:gallery {""ids"":[1801]} -->
<ul class=""wp-block-gallery columns-1 is-cropped""><li class=""blocks-gallery-item""><figure><img src=""https://ysd-k.co.jp/yoshida-cms/wp-content/uploads/2025/02/5c6d5a7f0a045e40bce59322044fa82d.png"" alt="""" data-id=""1801"" data-link=""https://ysd-k.co.jp/%e3%82%a4%e3%83%b3%e3%82%bf%e3%83%93%e3%83%a5%e3%83%bc%e2%91%a8/"" class=""wp-image-1801""/></figure></li></ul>
<!-- /wp:gallery -->

<!-- wp:gallery {""ids"":[1802]} -->
<ul class=""wp-block-gallery columns-1 is-cropped""><li class=""blocks-gallery-item""><figure><img src=""https://ysd-k.co.jp/yoshida-cms/wp-content/uploads/2025/02/dd9c76c070f836a1fa99e3862efbbcdc.png"" alt="""" data-id=""1802"" data-link=""https://ysd-k.co.jp/%e3%82%a4%e3%83%b3%e3%82%bf%e3%83%93%e3%83%a5%e3%83%bc%e2%91%a9/"" class=""wp-image-1802""/></figure></li></ul>
<!-- /wp:gallery -->

<!-- wp:gallery {""ids"":[1803]} -->
<ul class=""wp-block-gallery columns-1 is-cropped""><li class=""blocks-gallery-item""><figure><img src=""https://ysd-k.co.jp/yoshida-cms/wp-content/uploads/2025/02/4374ee3f5825a81d4f6fa7505fc5e1ee.png"" alt="""" data-id=""1803"" data-link=""https://ysd-k.co.jp/%e3%82%a4%e3%83%b3%e3%82%bf%e3%83%93%e3%83%a5%e3%83%bc%e2%91%aa/"" class=""wp-image-1803""/></figure></li></ul>
<!-- /wp:gallery -->

<!-- wp:paragraph -->
<p></p>
<!-- /wp:paragraph -->",,2025/2/19,post,https://ysd-k.co.jp/announcement/1780/,https://ysd-k.co.jp/yoshida-cms/wp-content/uploads/2025/02/26075b475f53f6b9430fe5f17d41fe6b.png,インタビュー,,,,https://ysd-k.co.jp/yoshida-cms/wp-content/uploads/2025/02/26075b475f53f6b9430fe5f17d41fe6b.png,,お知らせ,,,,ja,1780,,2025/2/25,,,publish,2,yoshida,soumu@ysd-k.co.jp,,,%e3%83%84%e3%82%ae%e3%83%8e%e3%82%b8%e3%83%80%e3%82%a4%e3%80%80%e7%a4%be%e9%95%b7%e3%82%a4%e3%83%b3%e3%82%bf%e3%83%93%e3%83%a5%e3%83%bc%e8%a8%98%e4%ba%8b%e3%80%80%e6%8e%b2%e8%bc%89,,,0,0,0,closed,closed,2025/4/1
1850,【掲載】補助金（Go-Tech事業）の活用事例,"<!-- wp:paragraph -->
<p>成長型中小企業等研究開発支援事業（Go-Tech事業）の活用事例がNSCPへ掲載されました。</p>
<!-- /wp:paragraph -->

<!-- wp:paragraph -->
<p>詳細は下記URLよりご覧ください。</p>
<!-- /wp:paragraph -->

<!-- wp:paragraph -->
<p> https://jaif-bg.jp/nscp-succession/yoshida/ </p>
<!-- /wp:paragraph -->",,2025/4/1,post,https://ysd-k.co.jp/announcement/1850/,https://ysd-k.co.jp/yoshida-cms/wp-content/uploads/2025/04/1cf182fb2bef33680853deb18bdd2fd3.png|https://ysd-k.co.jp/yoshida-cms/wp-content/uploads/2025/04/image.png,スクリーンショット 2025-04-01 165521|image,|,|,|,https://ysd-k.co.jp/yoshida-cms/wp-content/uploads/2025/04/1cf182fb2bef33680853deb18bdd2fd3.png,,お知らせ,,,,ja,1850,,,,,publish,2,yoshida,soumu@ysd-k.co.jp,,,%e3%80%90%e6%8e%b2%e8%bc%89%e3%80%91%e8%a3%9c%e5%8a%a9%e9%87%91%ef%bc%88go-tech%e4%ba%8b%e6%a5%ad%ef%bc%89%e3%81%ae%e6%b4%bb%e7%94%a8%e4%ba%8b%e4%be%8b,,,0,0,0,closed,closed,2025/4/2
1854,【掲載】代表取締役インタビュー「点と点を繋げ　次の100年へ」,"<!-- wp:paragraph -->
<p>弊社代表取締役のインタビューが 関東経済産業局 projectchain へ掲載されました。<br></p>
<!-- /wp:paragraph -->

<!-- wp:paragraph -->
<p>詳細は下記URLをご覧ください。</p>
<!-- /wp:paragraph -->

<!-- wp:paragraph -->
<p> https://kanto-meti-gov.note.jp/n/n755c6ca7ce0f?magazine_key=m88b6a42238c8 </p>
<!-- /wp:paragraph -->

<!-- wp:image {""id"":1829,""width"":548,""height"":729} -->
<figure class=""wp-block-image is-resized""><img src=""https://ysd-k.co.jp/yoshida-cms/wp-content/uploads/2025/04/f8e1c3c22b4a87048f599e64605eaa20.png"" alt="""" class=""wp-image-1829"" width=""548"" height=""729""/></figure>
<!-- /wp:image -->

<!-- wp:image {""id"":1830,""width"":557,""height"":877} -->
<figure class=""wp-block-image is-resized""><img src=""https://ysd-k.co.jp/yoshida-cms/wp-content/uploads/2025/04/25df4c1ee5c9949c6e2cefd8e959b73b.png"" alt="""" class=""wp-image-1830"" width=""557"" height=""877""/></figure>
<!-- /wp:image -->

<!-- wp:image {""id"":1831,""width"":555,""height"":815} -->
<figure class=""wp-block-image is-resized""><img src=""https://ysd-k.co.jp/yoshida-cms/wp-content/uploads/2025/04/6f2b32bd52f74091c1b5f85957eb6722.png"" alt="""" class=""wp-image-1831"" width=""555"" height=""815""/></figure>
<!-- /wp:image -->

<!-- wp:image {""id"":1832,""width"":581,""height"":1065} -->
<figure class=""wp-block-image is-resized""><img src=""https://ysd-k.co.jp/yoshida-cms/wp-content/uploads/2025/04/bc1d94f98e832fbc52d5d770739e6d18.png"" alt="""" class=""wp-image-1832"" width=""581"" height=""1065""/></figure>
<!-- /wp:image -->

<!-- wp:image {""id"":1833,""width"":547,""height"":866} -->
<figure class=""wp-block-image is-resized""><img src=""https://ysd-k.co.jp/yoshida-cms/wp-content/uploads/2025/04/ae854df72cff413ca1ddbd641e0113d6.png"" alt="""" class=""wp-image-1833"" width=""547"" height=""866""/></figure>
<!-- /wp:image -->

<!-- wp:image {""id"":1834,""width"":547,""height"":910} -->
<figure class=""wp-block-image is-resized""><img src=""https://ysd-k.co.jp/yoshida-cms/wp-content/uploads/2025/04/f205481110d60faa5deeceda441bea33.png"" alt="""" class=""wp-image-1834"" width=""547"" height=""910""/></figure>
<!-- /wp:image -->

<!-- wp:image {""id"":1890} -->
<figure class=""wp-block-image""><img src=""https://ysd-k.co.jp/yoshida-cms/wp-content/uploads/2025/04/dd3c7b0960dbcfd317506f38953a4430.png"" alt="""" class=""wp-image-1890""/></figure>
<!-- /wp:image -->

<!-- wp:image {""id"":1836,""width"":578,""height"":673} -->
<figure class=""wp-block-image is-resized""><img src=""https://ysd-k.co.jp/yoshida-cms/wp-content/uploads/2025/04/bee86fd94f2eb066ba29dbffe040b213.png"" alt="""" class=""wp-image-1836"" width=""578"" height=""673""/></figure>
<!-- /wp:image -->

<!-- wp:image {""id"":1837,""width"":578,""height"":786} -->
<figure class=""wp-block-image is-resized""><img src=""https://ysd-k.co.jp/yoshida-cms/wp-content/uploads/2025/04/373cdebe90ee43d10f5699a5c55e1a65.png"" alt="""" class=""wp-image-1837"" width=""578"" height=""786""/></figure>
<!-- /wp:image -->

<!-- wp:image {""id"":1838,""width"":586,""height"":664} -->
<figure class=""wp-block-image is-resized""><img src=""https://ysd-k.co.jp/yoshida-cms/wp-content/uploads/2025/04/79a7988d2b6011d2fe615bed5d811c06.png"" alt="""" class=""wp-image-1838"" width=""586"" height=""664""/></figure>
<!-- /wp:image -->",,2025/4/2,post,https://ysd-k.co.jp/announcement/1854/,https://ysd-k.co.jp/yoshida-cms/wp-content/uploads/2025/04/ffa1c6ba62291ddc5bb2db4f0e433eaa.png,スクリーンショット 2025-04-02,,,,https://ysd-k.co.jp/yoshida-cms/wp-content/uploads/2025/04/ffa1c6ba62291ddc5bb2db4f0e433eaa.png,,お知らせ,,,,ja,1854,,,,,publish,2,yoshida,soumu@ysd-k.co.jp,,,%e3%80%90%e6%8e%b2%e8%bc%89%e3%80%91%e4%bb%a3%e8%a1%a8%e5%8f%96%e7%b7%a0%e5%bd%b9%e3%82%a4%e3%83%b3%e3%82%bf%e3%83%93%e3%83%a5%e3%83%bc%e3%80%8c%e7%82%b9%e3%81%a8%e7%82%b9%e3%82%92%e7%b9%8b%e3%81%92,,,0,0,0,closed,closed,2025/4/2
