ID,Title,Content,Excerpt,Date,Post Type,Permalink,Image URL,Image Title,Image Caption,Image Description,Image Alt Text,Image Featured,Attachment URL,製品紹介カテゴリー,vkexunit_cta_each_option,_veu_custom_css,_locale,_original_post,_dp_original,Status,Author ID,Author Username,Author Email,Author First Name,Author Last Name,Slug,Format,Template,Parent,Parent Slug,Order,Comment Status,Ping Status,Post Modified Date
13,原子力用グローブボックス②,"グローブボックス(Glove Box)とは：
放射性物質を始めとした、隔離対象物をステンレス製のボックスに負圧管理して閉じ込め、作業者が容器の外からグローブを介し安全に取り扱える装置です。
精製装置と組み合わせることで、ドライ環境やアルゴン雰囲気へも対応可能となっています。
<div class=""org-img-block""><img class=""org-img"" src=""https://ysd-k.co.jp/yoshida-cms/wp-content/uploads/2018/11/gb1.jpg"" alt="""" width=""300"" height=""225"" /><img class=""org-img"" src=""https://ysd-k.co.jp/yoshida-cms/wp-content/uploads/2018/11/gb2.jpg"" alt="""" width=""300"" height=""225"" /><img class=""org-img"" src=""https://ysd-k.co.jp/yoshida-cms/wp-content/uploads/2018/11/gb3.jpg"" alt="""" width=""300"" height=""225"" /><img class=""org-img"" src=""https://ysd-k.co.jp/yoshida-cms/wp-content/uploads/2018/11/gb6.jpg"" alt="""" width=""300"" height=""225"" /><img class=""org-img"" src=""https://ysd-k.co.jp/yoshida-cms/wp-content/uploads/2018/11/gb8.jpg"" alt="""" width=""300"" height=""225"" /><img class=""org-img"" src=""https://ysd-k.co.jp/yoshida-cms/wp-content/uploads/2018/11/gb9.jpg"" alt="""" width=""300"" height=""225"" /></div>",,2018/11/5,product,https://ysd-k.co.jp/product/13/,https://ysd-k.co.jp/yoshida-cms/wp-content/uploads/2018/11/6fb862c530d943c1fce7733c8e172998-e1548416992274.jpg|https://ysd-k.co.jp/yoshida-cms/wp-content/uploads/2018/06/item2.png|https://ysd-k.co.jp/yoshida-cms/wp-content/uploads/2018/06/item3.png|https://ysd-k.co.jp/yoshida-cms/wp-content/uploads/2018/06/item4.png|https://ysd-k.co.jp/yoshida-cms/wp-content/uploads/2018/06/aboutus_icon3.png|https://ysd-k.co.jp/yoshida-cms/wp-content/uploads/2018/06/aboutus_icon1.png|https://ysd-k.co.jp/yoshida-cms/wp-content/uploads/2018/06/aboutus_icon2.png|https://ysd-k.co.jp/yoshida-cms/wp-content/uploads/2018/06/9b714b6b6a494687448ace8c3558fa18.png|https://ysd-k.co.jp/yoshida-cms/wp-content/uploads/2018/06/fcc8ef14411cb6d10eea41e01c43bd00.jpg|https://ysd-k.co.jp/yoshida-cms/wp-content/uploads/2018/11/275c500b3f721011e593fba79e279c55.jpg|https://ysd-k.co.jp/yoshida-cms/wp-content/uploads/2018/11/4370c491688bed7c59d0a6e1e0215ad1.jpg|https://ysd-k.co.jp/yoshida-cms/wp-content/uploads/2018/11/5cbb5f99c8253557d92ae9c48ded5936.jpg|https://ysd-k.co.jp/yoshida-cms/wp-content/uploads/2018/11/gb1.jpg|https://ysd-k.co.jp/yoshida-cms/wp-content/uploads/2018/11/gb2.jpg|https://ysd-k.co.jp/yoshida-cms/wp-content/uploads/2018/11/gb3.jpg|https://ysd-k.co.jp/yoshida-cms/wp-content/uploads/2018/11/gb4.jpg|https://ysd-k.co.jp/yoshida-cms/wp-content/uploads/2018/11/gb5.jpg|https://ysd-k.co.jp/yoshida-cms/wp-content/uploads/2018/11/gb6.jpg|https://ysd-k.co.jp/yoshida-cms/wp-content/uploads/2018/11/gb7.jpg|https://ysd-k.co.jp/yoshida-cms/wp-content/uploads/2018/11/gb8.jpg|https://ysd-k.co.jp/yoshida-cms/wp-content/uploads/2018/11/gb9.jpg,4-5商品イメージ2|item2|item3|item4|aboutus_icon3|aboutus_icon1|aboutus_icon2|ヨシダロゴ|グローブボックス|グローブボックス1|グローブボックス2|グローブボックス3|gb1|gb2|gb3|gb4|gb5|gb6|gb7|gb8|gb9,||||||||||||||||||||,||||||||||||||||||||,||||||||||||||||||||,https://ysd-k.co.jp/yoshida-cms/wp-content/uploads/2018/11/6fb862c530d943c1fce7733c8e172998-e1548416992274.jpg,,グローブボックス|原子力製品|機械加工|製缶・溶接|設計,0,,ja,14,,publish,2,yoshida,soumu@ysd-k.co.jp,,,%e8%a3%bd%e5%93%81a-1,,,0,0,0,closed,closed,2020/8/5
96,水銀ターゲット容器保管容器,"<div>J-PARCにある、水銀ターゲットは、加速された陽子を、先端のビーム窓部から入射し、容器内を流動する水銀の原子核を破砕して、中性子ビームを発生させる装置です。弊社では、放射化した水銀ターゲットを保管する容器を製作しています。気密性が求められることから、ヘリウムリークテストを経て出荷されます。</div>
<div class=""org-img-block""><img class=""alignnone size-medium wp-image-327"" src=""https://ysd-k.co.jp/yoshida-cms/wp-content/uploads/2018/11/mercury2-225x300.jpg"" alt="""" width=""225"" height=""300"" />   <img class=""alignnone size-medium wp-image-330"" src=""https://ysd-k.co.jp/yoshida-cms/wp-content/uploads/2018/11/mercury5-225x300.jpg"" alt="""" width=""225"" height=""300"" /></div>
<div class=""org-img-block""><img class=""org-img"" src=""https://ysd-k.co.jp/yoshida-cms/wp-content/uploads/2018/11/mercury3.jpg"" alt=""水銀ターゲット容器保管容器3"" width=""225"" height=""300"" /><img class=""org-img"" src=""https://ysd-k.co.jp/yoshida-cms/wp-content/uploads/2018/11/mercury4.jpg"" alt=""水銀ターゲット容器保管容器4"" width=""225"" height=""300"" /><img class=""org-img"" src=""https://ysd-k.co.jp/yoshida-cms/wp-content/uploads/2018/11/mercury1.jpg"" alt=""水銀ターゲット容器保管容器1"" width=""225"" height=""300"" /></div>
&nbsp;
<p style=""text-align: center"">J-PARC様 HPより引用
<a href=""http://j-parc.jp/researcher/MatLife/ja/files/nss.pdf"">http://j-parc.jp/researcher/MatLife/ja/files/nss.pdf</a></p>

<div></div>
<div><img class=""alignnone size-large wp-image-538 aligncenter"" src=""https://ysd-k.co.jp/yoshida-cms/wp-content/uploads/2019/01/9a35282d15308f41113e22a8f8a0a4c4-e1548760387672-1024x621.jpg"" alt="""" width=""750"" height=""455"" /></div>",,2018/11/4,product,https://ysd-k.co.jp/product/96/,https://ysd-k.co.jp/yoshida-cms/wp-content/uploads/2018/11/9e6c44106c874415729e4efc8e628bfb-e1548417062195.jpg|https://ysd-k.co.jp/yoshida-cms/wp-content/uploads/2018/06/e334abbc8896cff733e862368d8d6edd.jpg|https://ysd-k.co.jp/yoshida-cms/wp-content/uploads/2018/11/f63da6f43abb1ba53e64c80655541f9f.jpg|https://ysd-k.co.jp/yoshida-cms/wp-content/uploads/2018/11/a7179bc16161aa952c4070edae4bbf8f.jpg|https://ysd-k.co.jp/yoshida-cms/wp-content/uploads/2018/11/9a7fb5796ccd3499141023f6ed056e7c.jpg|https://ysd-k.co.jp/yoshida-cms/wp-content/uploads/2018/11/be451f433118c7002da8c355ae70d4f3.jpg|https://ysd-k.co.jp/yoshida-cms/wp-content/uploads/2018/11/9a7fb5796ccd3499141023f6ed056e7c-1.jpg|https://ysd-k.co.jp/yoshida-cms/wp-content/uploads/2018/11/mercury1.jpg|https://ysd-k.co.jp/yoshida-cms/wp-content/uploads/2018/11/mercury2.jpg|https://ysd-k.co.jp/yoshida-cms/wp-content/uploads/2018/11/mercury3.jpg|https://ysd-k.co.jp/yoshida-cms/wp-content/uploads/2018/11/mercury4.jpg|https://ysd-k.co.jp/yoshida-cms/wp-content/uploads/2018/11/mercury5.jpg|https://ysd-k.co.jp/yoshida-cms/wp-content/uploads/2018/11/mercury0.jpg|https://ysd-k.co.jp/yoshida-cms/wp-content/uploads/2019/01/9a35282d15308f41113e22a8f8a0a4c4-e1548760387672.jpg,4-5商品イメージ|水銀ターゲット容器保管容器|水銀ターゲット容器1|水銀ターゲット容器2|水銀ターゲット容器3|脱硝システムユニットサムネ用|水銀ターゲット容器3|mercury1|mercury2|mercury3|mercury4|mercury5|mercury0|水銀ターゲット,|||||||||||||,|||||||||||||,|||||||||||||,https://ysd-k.co.jp/yoshida-cms/wp-content/uploads/2018/11/9e6c44106c874415729e4efc8e628bfb-e1548417062195.jpg,https://ysd-k.co.jp/yoshida-cms/wp-content/uploads/2018/11/4b21143f62d91fa1d92e5fc4d9a0d319.mp4,原子力製品|機械加工|製缶・溶接|設計,0,,ja,97,,publish,2,yoshida,soumu@ysd-k.co.jp,,,%e8%a3%bd%e5%93%81a-11,,,0,0,0,closed,closed,2020/3/30
209,フレコンバッグ線量測定器(Siki),"<div class=""org-img-block""><img class=""org-img"" src=""https://ysd-k.co.jp/yoshida-cms/wp-content/uploads/2018/11/e5e67ad7b5552b9d1684cb1def2b2fe6-300x225.jpg"" alt=""フレコンバッグ線量直接測定治具1"" width=""300"" height=""225"" />  <img class=""alignnone size-medium wp-image-534"" src=""https://ysd-k.co.jp/yoshida-cms/wp-content/uploads/2019/01/IMG_0029-e1548758050918-300x225.jpg"" alt="""" width=""300"" height=""225"" />   <img class=""alignnone size-medium wp-image-210"" src=""https://ysd-k.co.jp/yoshida-cms/wp-content/uploads/2018/11/d486bc13e7a807ce499e4b7b1c3f2bca-300x225.jpg"" alt="""" width=""300"" height=""225"" /></div>
&nbsp;
<p class=""org-img-block"" style=""text-align: left;"">Sikiについて詳しくは、
<a href=""https://japan.hitachi-kenki.co.jp/products/new1/siki/"">https://japan.hitachi-kenki.co.jp/products/new1/siki/</a></p>",,2018/11/1,product,https://ysd-k.co.jp/product/209/,https://ysd-k.co.jp/yoshida-cms/wp-content/uploads/2018/11/d486bc13e7a807ce499e4b7b1c3f2bca.jpg|https://ysd-k.co.jp/yoshida-cms/wp-content/uploads/2018/11/9083960deb8eed8abd0f96092efca770.jpg|https://ysd-k.co.jp/yoshida-cms/wp-content/uploads/2018/11/e5e67ad7b5552b9d1684cb1def2b2fe6.jpg|https://ysd-k.co.jp/yoshida-cms/wp-content/uploads/2019/01/IMG_0029-e1548758050918.jpg,フレコンバッグ線量直接測定治具|フレコンバッグ線量直接測定治具2|フレコンバッグ線量直接測定治具3|IMG_0029,|||,|||,|||,https://ysd-k.co.jp/yoshida-cms/wp-content/uploads/2018/11/d486bc13e7a807ce499e4b7b1c3f2bca.jpg,,原子力製品|機械加工|製缶・溶接|設計,0,,ja,209,,private,2,yoshida,soumu@ysd-k.co.jp,,,%e3%83%95%e3%83%ac%e3%82%b3%e3%83%b3%e3%83%90%e3%83%83%e3%82%b0%e7%b7%9a%e9%87%8f%e7%9b%b4%e6%8e%a5%e6%b8%ac%e5%ae%9a%e6%b2%bb%e5%85%b7,,,0,0,0,closed,closed,2022/6/23
313,10t容量攪拌槽,"<p style=""text-align: left;"">プラント向け10t容量攪拌槽の製造風景です。装置全体では重量30t、高さ9m近くなりました。
弊社の新規に導入した30tクレーンと揚程12ｍの高さが大活躍しました。</p>

<div class=""org-img-block""><img class=""org-img"" src=""https://ysd-k.co.jp/yoshida-cms/wp-content/uploads/2018/12/48b2d287f794c8e17b9a1a248c6dc061-300x225.jpg"" alt="""" width=""300"" height=""225"" /><img class=""org-img"" src=""https://ysd-k.co.jp/yoshida-cms/wp-content/uploads/2018/12/10t1-300x225.jpg"" alt="""" width=""300"" height=""225"" /><img class=""org-img"" src=""https://ysd-k.co.jp/yoshida-cms/wp-content/uploads/2018/12/10t2-300x225.jpg"" alt="""" width=""300"" height=""225"" /></div>
&nbsp;
<h4 style=""text-align: center;"">攪拌器取り付け光景</h4>
<div class=""org-video-block"">
[video width=""720"" height=""576"" mp4=""https://ysd-k.co.jp/yoshida-cms/wp-content/uploads/2018/11/1.mp4""][/video]
</div>",,2018/11/2,product,https://ysd-k.co.jp/product/313/,https://ysd-k.co.jp/yoshida-cms/wp-content/uploads/2018/11/ae46b1f460ee46f789c27b264a6cb421-1-e1589361611693.jpg|https://ysd-k.co.jp/yoshida-cms/wp-content/uploads/2018/12/10t1.jpg|https://ysd-k.co.jp/yoshida-cms/wp-content/uploads/2018/12/10t2.jpg|https://ysd-k.co.jp/yoshida-cms/wp-content/uploads/2018/11/DSC_0289-1.jpg,名称未設定 1|10t1|10t2|DSC_0289,|||,|||,|||,https://ysd-k.co.jp/yoshida-cms/wp-content/uploads/2018/11/ae46b1f460ee46f789c27b264a6cb421-1-e1589361611693.jpg,https://ysd-k.co.jp/yoshida-cms/wp-content/uploads/2018/11/1.mp4,その他|機械加工|製缶・溶接,0,,ja,313,,publish,2,yoshida,soumu@ysd-k.co.jp,,,10t%e6%94%aa%e6%8b%8c%e6%a7%bd,,,0,0,0,closed,closed,2023/9/7
482,原子力用グローブボックス①,"グローブボックス(Glove Box)とは：
放射性物質を始めとした、隔離対象物をステンレス製のボックスに負圧管理して閉じ込め、作業者が容器の外からグローブを介し安全に取り扱える装置です。
精製装置と組み合わせることで、ドライ環境やアルゴン雰囲気へも対応可能となっています。
<div class=""org-img-block""><img class=""alignnone size-medium wp-image-524"" src=""https://ysd-k.co.jp/yoshida-cms/wp-content/uploads/2019/01/DSC_0069-1-e1548417383880-208x300.jpg"" alt="""" width=""208"" height=""300"" />  <img class=""alignnone size-medium wp-image-484"" src=""https://ysd-k.co.jp/yoshida-cms/wp-content/uploads/2019/01/DSC_0070-e1548331463475-208x300.jpg"" alt="""" width=""208"" height=""300"" />  <img class=""alignnone size-medium wp-image-485"" src=""https://ysd-k.co.jp/yoshida-cms/wp-content/uploads/2019/01/IMG_2709-e1548331546609-211x300.jpg"" alt="""" width=""211"" height=""300"" />  <img class=""alignnone size-medium wp-image-486"" src=""https://ysd-k.co.jp/yoshida-cms/wp-content/uploads/2019/01/IMG_2717-e1548331580528-199x300.jpg"" alt="""" width=""199"" height=""300"" /></div>",,2019/1/24,product,https://ysd-k.co.jp/product/482/,https://ysd-k.co.jp/yoshida-cms/wp-content/uploads/2019/01/7682be89f43b661ddb3cc01bfb46044a-e1589338908970.jpg|https://ysd-k.co.jp/yoshida-cms/wp-content/uploads/2019/01/DSC_0069-e1548331397616.jpg|https://ysd-k.co.jp/yoshida-cms/wp-content/uploads/2019/01/DSC_0070-e1548331463475.jpg|https://ysd-k.co.jp/yoshida-cms/wp-content/uploads/2019/01/IMG_2709-e1548417499224.jpg|https://ysd-k.co.jp/yoshida-cms/wp-content/uploads/2019/01/IMG_2717-e1548417471854.jpg|https://ysd-k.co.jp/yoshida-cms/wp-content/uploads/2019/01/DSC_0069-1-e1548417383880.jpg|https://ysd-k.co.jp/yoshida-cms/wp-content/uploads/2019/01/DSC_0222-e1551264490217.jpg,8㎥GB|DSC_0069|DSC_0070|IMG_2709|IMG_2717|DSC_0069|DSC_0222,||||||,||||||,||||||,https://ysd-k.co.jp/yoshida-cms/wp-content/uploads/2019/01/7682be89f43b661ddb3cc01bfb46044a-e1589338908970.jpg,,グローブボックス|原子力製品|機械加工|製缶・溶接|設計,0,,ja,482,13,publish,2,yoshida,soumu@ysd-k.co.jp,,,%e3%82%b0%e3%83%ad%e3%83%bc%e3%83%96%e3%83%9c%e3%83%83%e3%82%af%e3%82%b92,,,0,0,0,closed,closed,2020/8/5
586,放射化試料用グローブボックス,"放射化試料用グローブボックスを設置させて頂きました。
新設の施設であるため、グローブボックスは鏡面仕上げを全面に施しました。

<img class=""size-large wp-image-587 aligncenter"" src=""https://ysd-k.co.jp/yoshida-cms/wp-content/uploads/2019/03/IMG_20190319_135952-1024x768.jpg"" alt="""" width=""750"" height=""563"" />

<img class=""size-large wp-image-588 aligncenter"" src=""https://ysd-k.co.jp/yoshida-cms/wp-content/uploads/2019/03/IMG_20190319_105217-1024x768.jpg"" alt="""" width=""750"" height=""563"" />

<img class=""size-large wp-image-589 aligncenter"" src=""https://ysd-k.co.jp/yoshida-cms/wp-content/uploads/2019/03/IMG_20190319_105159-1024x768.jpg"" alt="""" width=""750"" height=""563"" />

<img class=""size-large wp-image-590 aligncenter"" src=""https://ysd-k.co.jp/yoshida-cms/wp-content/uploads/2019/03/IMG_20190319_135824-1024x768.jpg"" alt="""" width=""750"" height=""563"" />",,2019/3/22,product,https://ysd-k.co.jp/product/586/,https://ysd-k.co.jp/yoshida-cms/wp-content/uploads/2019/03/94c61af2399a8df5b5ea9dc83f918bce-2-e1589338191161.jpg|https://ysd-k.co.jp/yoshida-cms/wp-content/uploads/2019/03/IMG_20190319_135952.jpg|https://ysd-k.co.jp/yoshida-cms/wp-content/uploads/2019/03/IMG_20190319_105217.jpg|https://ysd-k.co.jp/yoshida-cms/wp-content/uploads/2019/03/IMG_20190319_105159.jpg|https://ysd-k.co.jp/yoshida-cms/wp-content/uploads/2019/03/IMG_20190319_135824.jpg|https://ysd-k.co.jp/yoshida-cms/wp-content/uploads/2019/03/94c61af2399a8df5b5ea9dc83f918bce-e1561372436376.jpg,2㎥GB|IMG_20190319_135952|IMG_20190319_105217|IMG_20190319_105159|IMG_20190319_135824|放射化試料用グローブボックス,|||||,|||||,|||||放射化試料用グローブボックス,https://ysd-k.co.jp/yoshida-cms/wp-content/uploads/2019/03/94c61af2399a8df5b5ea9dc83f918bce-2-e1589338191161.jpg,,グローブボックス|原子力製品,,,ja,586,,publish,2,yoshida,soumu@ysd-k.co.jp,,,%e6%94%be%e5%b0%84%e5%8c%96%e8%a9%a6%e6%96%99%e7%94%a8%e3%82%b0%e3%83%ad%e3%83%bc%e3%83%96%e3%83%9c%e3%83%83%e3%82%af%e3%82%b9,,,0,0,0,closed,closed,2020/5/13
759,10-ton mixing vessel,"<p style=""text-align: left;"">The manufacturing site's photos and a video of 10-ton mixing tanks. The total weight of the machinery is 30-ton and height is nearly 9 meters.
Yoshida's newly acquired 30-ton crane and its lifting height of 12 meters performed well.</p>

<div class=""org-img-block""><img class=""org-img"" src=""https://ysd-k.co.jp/yoshida-cms/wp-content/uploads/2018/12/48b2d287f794c8e17b9a1a248c6dc061-300x225.jpg"" alt="""" width=""300"" height=""225"" /><img class=""org-img"" src=""https://ysd-k.co.jp/yoshida-cms/wp-content/uploads/2018/12/10t1-300x225.jpg"" alt="""" width=""300"" height=""225"" /><img class=""org-img"" src=""https://ysd-k.co.jp/yoshida-cms/wp-content/uploads/2018/12/10t2-300x225.jpg"" alt="""" width=""300"" height=""225"" /></div>
&nbsp;
<h4 style=""text-align: center;"">Scene of the main stirring installation</h4>
<div class=""org-video-block"">
[video width=""720"" height=""576"" mp4=""https://ysd-k.co.jp/yoshida-cms/wp-content/uploads/2018/11/1.mp4""][/video]
</div>",,2018/11/2,product,https://ysd-k.co.jp/en/product/759/,https://ysd-k.co.jp/yoshida-cms/wp-content/uploads/2018/11/ae46b1f460ee46f789c27b264a6cb421-1-e1589361611693.jpg,名称未設定 1,,,,https://ysd-k.co.jp/yoshida-cms/wp-content/uploads/2018/11/ae46b1f460ee46f789c27b264a6cb421-1-e1589361611693.jpg,,その他|機械加工|製缶・溶接,0,,en_US,313,,publish,2,yoshida,soumu@ysd-k.co.jp,,,10t%e6%94%aa%e6%8b%8c%e6%a7%bd,,,0,0,0,closed,closed,2023/9/7
760,Nuclear Glove Box1,"A glove box is a stainless steel container equipped with gloves. It can seal radioactive materials and other objects by controlling the negative pressure, and allow users to handle these materials from the outside in a safe environment via gloves.
By combining the glove box with a purification device, it can be adopted in a dry environment or argon atmosphere.
<div class=""org-img-block""><img class=""alignnone size-medium wp-image-524"" src=""https://ysd-k.co.jp/yoshida-cms/wp-content/uploads/2019/01/DSC_0069-1-e1548417383880-208x300.jpg"" alt="""" width=""208"" height=""300"" />  <img class=""alignnone size-medium wp-image-484"" src=""https://ysd-k.co.jp/yoshida-cms/wp-content/uploads/2019/01/DSC_0070-e1548331463475-208x300.jpg"" alt="""" width=""208"" height=""300"" />  <img class=""alignnone size-medium wp-image-485"" src=""https://ysd-k.co.jp/yoshida-cms/wp-content/uploads/2019/01/IMG_2709-e1548331546609-211x300.jpg"" alt="""" width=""211"" height=""300"" />  <img class=""alignnone size-medium wp-image-486"" src=""https://ysd-k.co.jp/yoshida-cms/wp-content/uploads/2019/01/IMG_2717-e1548331580528-199x300.jpg"" alt="""" width=""199"" height=""300"" /></div>",,2019/1/24,product,https://ysd-k.co.jp/en/product/760/,https://ysd-k.co.jp/yoshida-cms/wp-content/uploads/2019/01/7682be89f43b661ddb3cc01bfb46044a-e1589338908970.jpg,8㎥GB,,,,https://ysd-k.co.jp/yoshida-cms/wp-content/uploads/2019/01/7682be89f43b661ddb3cc01bfb46044a-e1589338908970.jpg,,グローブボックス|原子力製品|機械加工|製缶・溶接|設計,0,,en_US,482,13,publish,2,yoshida,soumu@ysd-k.co.jp,,,%e3%82%b0%e3%83%ad%e3%83%bc%e3%83%96%e3%83%9c%e3%83%83%e3%82%af%e3%82%b92,,,0,0,0,closed,closed,2020/8/5
789,The dosimeter for flexible containers  (Siki),"<div class=""org-img-block""><img class=""org-img"" src=""https://ysd-k.co.jp/yoshida-cms/wp-content/uploads/2018/11/e5e67ad7b5552b9d1684cb1def2b2fe6-300x225.jpg"" alt=""The dosimeter for flexible containers1"" width=""300"" height=""225"" />  <img class=""alignnone size-medium wp-image-534"" src=""https://ysd-k.co.jp/yoshida-cms/wp-content/uploads/2019/01/IMG_0029-e1548758050918-300x225.jpg"" alt="""" width=""300"" height=""225"" />   <img class=""alignnone size-medium wp-image-210"" src=""https://ysd-k.co.jp/yoshida-cms/wp-content/uploads/2018/11/d486bc13e7a807ce499e4b7b1c3f2bca-300x225.jpg"" alt="""" width=""300"" height=""225"" /></div>
&nbsp;
<p class=""org-img-block"" style=""text-align: left"">
More details on Siki
<a href=""https://japan.hitachi-kenki.co.jp/products/new1/siki/"">https://japan.hitachi-kenki.co.jp/products/new1/siki/</a></p>",,2018/11/1,product,https://ysd-k.co.jp/en/product/789/,https://ysd-k.co.jp/yoshida-cms/wp-content/uploads/2018/11/d486bc13e7a807ce499e4b7b1c3f2bca.jpg,フレコンバッグ線量直接測定治具,,,,https://ysd-k.co.jp/yoshida-cms/wp-content/uploads/2018/11/d486bc13e7a807ce499e4b7b1c3f2bca.jpg,,原子力製品|機械加工|製缶・溶接|設計,0,,en_US,209,,publish,2,yoshida,soumu@ysd-k.co.jp,,,%e3%83%95%e3%83%ac%e3%82%b3%e3%83%b3%e3%83%90%e3%83%83%e3%82%b0%e7%b7%9a%e9%87%8f%e7%9b%b4%e6%8e%a5%e6%b8%ac%e5%ae%9a%e6%b2%bb%e5%85%b7,,,0,0,0,closed,closed,2020/3/31
792,Radioactive material Glove Box,"The glove box for radioactive samples was installed.
As it is a new facility, the glove box has a mirror finish on the entire surface.

<img class=""size-large wp-image-587 aligncenter"" src=""https://ysd-k.co.jp/yoshida-cms/wp-content/uploads/2019/03/IMG_20190319_135952-1024x768.jpg"" alt="""" width=""750"" height=""563"" />

<img class=""size-large wp-image-588 aligncenter"" src=""https://ysd-k.co.jp/yoshida-cms/wp-content/uploads/2019/03/IMG_20190319_105217-1024x768.jpg"" alt="""" width=""750"" height=""563"" />

<img class=""size-large wp-image-589 aligncenter"" src=""https://ysd-k.co.jp/yoshida-cms/wp-content/uploads/2019/03/IMG_20190319_105159-1024x768.jpg"" alt="""" width=""750"" height=""563"" />

<img class=""size-large wp-image-590 aligncenter"" src=""https://ysd-k.co.jp/yoshida-cms/wp-content/uploads/2019/03/IMG_20190319_135824-1024x768.jpg"" alt="""" width=""750"" height=""563"" />",,2019/3/22,product,https://ysd-k.co.jp/en/product/792/,https://ysd-k.co.jp/yoshida-cms/wp-content/uploads/2019/03/94c61af2399a8df5b5ea9dc83f918bce-2-e1589338191161.jpg|https://ysd-k.co.jp/yoshida-cms/wp-content/uploads/2019/03/94c61af2399a8df5b5ea9dc83f918bce-1-e1589337976926.jpg,2㎥GB|2㎥GB,|,|,|,https://ysd-k.co.jp/yoshida-cms/wp-content/uploads/2019/03/94c61af2399a8df5b5ea9dc83f918bce-2-e1589338191161.jpg,,グローブボックス|原子力製品,,,en_US,586,,publish,2,yoshida,soumu@ysd-k.co.jp,,,%e6%94%be%e5%b0%84%e5%8c%96%e8%a9%a6%e6%96%99%e7%94%a8%e3%82%b0%e3%83%ad%e3%83%bc%e3%83%96%e3%83%9c%e3%83%83%e3%82%af%e3%82%b9,,,0,0,0,closed,closed,2020/5/13
881,鉛遮へい付きグローブボックス,"<p style=""text-align: left;"">鉛遮へい付きグローブボックスを製薬会社様へ納入しました。
高線量のサンプルを扱うため、線量に応じて鉛遮へいの厚みを変え、トングマニピュレータや鉛ガラスの取付、さらに鉛ガラスを介したグローブボックス内部への可視性を改善するための工夫をしました。
また、新規の施設であるため、グローブボックス外面は鏡面仕上げを全面に施しました。
製作に当たっては、木製のモックアップを作成し、お客様と共に使いやすいグローブボックスを目指し、何度も検討したうえで、製作に反映しています。</p>

<div class=""org-img-block""><img class=""org-img"" src=""https://ysd-k.co.jp/yoshida-cms/wp-content/uploads/2020/03/6ac2397867767a902ce2217f0a58282f-768x576.jpg"" alt=""鉛遮へい付きグローブボックス1"" width=""750"" height=""563"" /><img class=""org-img"" src=""https://ysd-k.co.jp/yoshida-cms/wp-content/uploads/2020/03/f6f77a1616e27fc34eb1a81aa7dc6262-768x576.jpg"" alt=""鉛遮へい付きグローブボックス2"" width=""750"" height=""563"" /><img class=""org-img"" src=""https://ysd-k.co.jp/yoshida-cms/wp-content/uploads/2020/03/aba1dd9afd994bc383f5259806be7bb4-768x432.jpg"" alt=""鉛遮へい付きグローブボックス3"" width=""750"" height=""563"" /></div>",,2019/11/19,product,https://ysd-k.co.jp/product/881/,https://ysd-k.co.jp/yoshida-cms/wp-content/uploads/2019/11/IMG_20191025_122608.jpg|https://ysd-k.co.jp/yoshida-cms/wp-content/uploads/2020/03/6ac2397867767a902ce2217f0a58282f-768x576.jpg|https://ysd-k.co.jp/yoshida-cms/wp-content/uploads/2020/03/f6f77a1616e27fc34eb1a81aa7dc6262-768x576.jpg|https://ysd-k.co.jp/yoshida-cms/wp-content/uploads/2020/03/aba1dd9afd994bc383f5259806be7bb4-768x432.jpg,IMG_20191025_122608|グローブボックス1|グローブボックス2|グローブボックス3,|||,|||,|グローブボックス1|グローブボックス2|グローブボックス3,https://ysd-k.co.jp/yoshida-cms/wp-content/uploads/2019/11/IMG_20191025_122608.jpg,,グローブボックス|原子力製品|機械加工|製缶・溶接|設計,0,,ja,881,313,publish,2,yoshida,soumu@ysd-k.co.jp,,,%e9%89%9b%e9%81%ae%e3%81%b8%e3%81%84%e4%bb%98%e3%81%8d%e3%82%b0%e3%83%ad%e3%83%bc%e3%83%96%e3%83%9c%e3%83%83%e3%82%af%e3%82%b9,,,0,0,0,closed,closed,2020/5/13
885,Lead Shielding Glove Box,"<p style=""text-align: left;"">A glove box with lead shielding was installed at a pharmaceutical company.
In order to handle high radiation samples, lead thickness was adjusted according to intensity of gamma rays, tong manipulator and lead glass were also installed and improved to ensure visibility inside the glove box through thick lead glass.
In addition, as it is a new facility, outside of the glove box has a mirror polished on the entire surface.
During production, we made wooden mockup and repeatedly reflected to make useful glove boxes with customers.</p>

<div class=""org-img-block""><img class=""org-img alignnone"" src=""https://ysd-k.co.jp/yoshida-cms/wp-content/uploads/2020/03/6ac2397867767a902ce2217f0a58282f-768x576.jpg"" alt=""Glove box with lead shielding1"" width=""750"" height=""563"" /><img class=""org-img"" src=""https://ysd-k.co.jp/yoshida-cms/wp-content/uploads/2020/03/f6f77a1616e27fc34eb1a81aa7dc6262-768x576.jpg"" alt=""Glove box with lead shielding2"" width=""750"" height=""563"" /><img class=""org-img"" src=""https://ysd-k.co.jp/yoshida-cms/wp-content/uploads/2020/03/aba1dd9afd994bc383f5259806be7bb4-768x432.jpg"" alt=""Glove box with lead shielding3"" width=""750"" height=""563"" /></div>",,2019/11/19,product,https://ysd-k.co.jp/en/product/885/,https://ysd-k.co.jp/yoshida-cms/wp-content/uploads/2019/11/IMG_20191025_122608.jpg|https://ysd-k.co.jp/yoshida-cms/wp-content/uploads/2019/11/a.jpg,IMG_20191025_122608|a,|,|,|,https://ysd-k.co.jp/yoshida-cms/wp-content/uploads/2019/11/IMG_20191025_122608.jpg,,グローブボックス|原子力製品|機械加工|製缶・溶接|設計,0,,en_US,881,313,publish,2,yoshida,soumu@ysd-k.co.jp,,,%e9%89%9b%e9%81%ae%e3%81%b8%e3%81%84%e4%bb%98%e3%81%8d%e3%82%b0%e3%83%ad%e3%83%bc%e3%83%96%e3%83%9c%e3%83%83%e3%82%af%e3%82%b9,,,0,0,0,closed,closed,2020/5/13
919,Nuclear Glove Box2,"A glove box is a stainless steel container equipped with gloves. It can seal radioactive materials and other objects by controlling the negative pressure, and allow users to handle these materials from the outside in a safe environment via gloves.
By combining the glove box with a purification device, it can be adopted in a dry environment or argon atmosphere.
<div class=""org-img-block""><img class=""org-img"" src=""https://ysd-k.co.jp/yoshida-cms/wp-content/uploads/2018/11/gb1.jpg"" alt="""" width=""300"" height=""225"" /><img class=""org-img"" src=""https://ysd-k.co.jp/yoshida-cms/wp-content/uploads/2018/11/gb2.jpg"" alt="""" width=""300"" height=""225"" /><img class=""org-img"" src=""https://ysd-k.co.jp/yoshida-cms/wp-content/uploads/2018/11/gb3.jpg"" alt="""" width=""300"" height=""225"" /><img class=""org-img"" src=""https://ysd-k.co.jp/yoshida-cms/wp-content/uploads/2018/11/gb6.jpg"" alt="""" width=""300"" height=""225"" /><img class=""org-img"" src=""https://ysd-k.co.jp/yoshida-cms/wp-content/uploads/2018/11/gb8.jpg"" alt="""" width=""300"" height=""225"" /><img class=""org-img"" src=""https://ysd-k.co.jp/yoshida-cms/wp-content/uploads/2018/11/gb9.jpg"" alt="""" width=""300"" height=""225"" /></div>",,2018/11/5,product,https://ysd-k.co.jp/en/product/919/,https://ysd-k.co.jp/yoshida-cms/wp-content/uploads/2018/11/6fb862c530d943c1fce7733c8e172998-e1548416992274.jpg,4-5商品イメージ2,,,,https://ysd-k.co.jp/yoshida-cms/wp-content/uploads/2018/11/6fb862c530d943c1fce7733c8e172998-e1548416992274.jpg,,グローブボックス|原子力製品|機械加工|製缶・溶接|設計,0,,en_US,14,,publish,2,yoshida,soumu@ysd-k.co.jp,,,%e8%a3%bd%e5%93%81a-1,,,0,0,0,closed,closed,2020/8/5
920,Mercury Target Spallation Equipment,"<div>The mercury target spallation eqipment vessel at the Japan Proton Accelerator Research Complex (J-PARC) generates neutron beam by injecting accelerated proton beam from the beam window, and spallation of mercury's atomic nuclei flowing through the mercury vessel. We manufacture containers to store activated mercury targets. Since airtightness is essential, they are shipped after helium leak testing.</div>
<div class=""org-img-block""><img class=""alignnone size-medium wp-image-327"" src=""https://ysd-k.co.jp/yoshida-cms/wp-content/uploads/2018/11/mercury2-225x300.jpg"" alt="""" width=""225"" height=""300"" />   <img class=""alignnone size-medium wp-image-330"" src=""https://ysd-k.co.jp/yoshida-cms/wp-content/uploads/2018/11/mercury5-225x300.jpg"" alt="""" width=""225"" height=""300"" /></div>
<div class=""org-img-block""><img class=""org-img"" src=""https://ysd-k.co.jp/yoshida-cms/wp-content/uploads/2018/11/mercury3.jpg"" alt=""Storage container for mercury target vessel3"" width=""225"" height=""300"" /><img class=""org-img"" src=""https://ysd-k.co.jp/yoshida-cms/wp-content/uploads/2018/11/mercury4.jpg"" alt=""Storage container for mercury target vessel4"" width=""225"" height=""300"" /><img class=""org-img"" src=""https://ysd-k.co.jp/yoshida-cms/wp-content/uploads/2018/11/mercury1.jpg"" alt=""Storage container for mercury target vessel1"" width=""225"" height=""300"" /></div>
&nbsp;
<p style=""text-align: center"">Quoted from J-PARC website. 
<a href=""http://j-parc.jp/researcher/MatLife/ja/files/nss.pdf"">http://j-parc.jp/researcher/MatLife/ja/files/nss.pdf</a></p>

<div></div>
<div><img class=""alignnone size-large wp-image-538 aligncenter"" src=""https://ysd-k.co.jp/yoshida-cms/wp-content/uploads/2019/01/9a35282d15308f41113e22a8f8a0a4c4-e1548760387672-1024x621.jpg"" alt="""" width=""750"" height=""455"" /></div>",,2018/11/4,product,https://ysd-k.co.jp/en/product/920/,https://ysd-k.co.jp/yoshida-cms/wp-content/uploads/2018/11/9e6c44106c874415729e4efc8e628bfb-e1548417062195.jpg,4-5商品イメージ,,,,https://ysd-k.co.jp/yoshida-cms/wp-content/uploads/2018/11/9e6c44106c874415729e4efc8e628bfb-e1548417062195.jpg,,原子力製品|機械加工|製缶・溶接|設計,0,,en_US,97,,publish,2,yoshida,soumu@ysd-k.co.jp,,,%e8%a3%bd%e5%93%81a-11,,,0,0,0,closed,closed,2020/4/14
1037,放射性物質用グローブボックス,"<span style=""display: inline !important; float: none; background-color: #ffffff; color: #191e23; font-family: 'Noto Serif JP'; font-size: 16px; font-style: normal; font-variant: normal; font-weight: 400; letter-spacing: normal; line-height: 1.8; orphans: 2; text-align: left; text-decoration: none; text-indent: 0px; text-transform: none; -webkit-text-stroke-width: 0px; white-space: pre-wrap; word-spacing: 0px;"">放射性物質取扱用のグローブボックスを製作しました。</span>
<span style=""display: inline !important; float: none; background-color: #ffffff; color: #191e23; font-family: 'Noto Serif JP'; font-size: 16px; font-style: normal; font-variant: normal; font-weight: 400; letter-spacing: normal; line-height: 1.8; orphans: 2; text-align: left; text-decoration: none; text-indent: 0px; text-transform: none; -webkit-text-stroke-width: 0px; white-space: pre-wrap; word-spacing: 0px;"">重量物かつ線量の高い試料の出し入れを迅速に行う必要があるため、パスボックスを取り付け、中に移送用のスライドテーブルやホイストクレーンを取り付けました。</span>
<span style=""display: inline !important; float: none; background-color: #ffffff; color: #191e23; font-family: 'Noto Serif JP'; font-size: 16px; font-style: normal; font-variant: normal; font-weight: 400; letter-spacing: normal; line-height: 1.8; orphans: 2; text-align: left; text-decoration: none; text-indent: 0px; text-transform: none; -webkit-text-stroke-width: 0px; white-space: pre-wrap; word-spacing: 0px;"">また、耐震性を向上するために補強を追加しています。<img class=""alignnone size-large wp-image-1018 aligncenter"" src=""https://ysd-k.co.jp/yoshida-cms/wp-content/uploads/2020/04/aba1dd9afd994bc383f5259806be7bb4-1-1024x909.jpg"" alt="""" width=""750"" height=""666"" /> <img class=""alignnone size-large wp-image-1019 aligncenter"" src=""https://ysd-k.co.jp/yoshida-cms/wp-content/uploads/2020/04/6ac2397867767a902ce2217f0a58282f-867x1024.jpg"" alt="""" width=""750"" height=""886"" /> <img class=""size-large wp-image-1020 aligncenter"" src=""https://ysd-k.co.jp/yoshida-cms/wp-content/uploads/2020/04/f6f77a1616e27fc34eb1a81aa7dc6262-1024x768.jpg"" alt="""" width=""750"" height=""563"" /> <img class=""size-large wp-image-1021 aligncenter"" src=""https://ysd-k.co.jp/yoshida-cms/wp-content/uploads/2020/04/ed80de20dfec1bd144442f3c2532b6bb-768x1024.jpg"" alt="""" width=""750"" height=""1000"" /> <img class=""size-large wp-image-1022 aligncenter"" src=""https://ysd-k.co.jp/yoshida-cms/wp-content/uploads/2020/04/4d2898cc519c4468d541cbcfe0072ef6-1024x768.jpg"" alt="""" width=""750"" height=""563"" /></span>",,2020/4/28,product,https://ysd-k.co.jp/product/1037/,https://ysd-k.co.jp/yoshida-cms/wp-content/uploads/2020/04/aba1dd9afd994bc383f5259806be7bb4-4.jpg,①,,,,https://ysd-k.co.jp/yoshida-cms/wp-content/uploads/2020/04/aba1dd9afd994bc383f5259806be7bb4-4.jpg,,グローブボックス|原子力製品,,,ja,1037,,publish,2,yoshida,soumu@ysd-k.co.jp,,,%e6%94%be%e5%b0%84%e6%80%a7%e7%89%a9%e8%b3%aa%e5%8f%96%e6%89%b1%e7%94%a8%e3%82%b0%e3%83%ad%e3%83%bc%e3%83%96%e3%83%9c%e3%83%83%e3%82%af%e3%82%b9,,,0,0,0,closed,closed,2020/5/13
1039,Radioactive material Glove Box,"<span style=""display: inline !important; float: none; background-color: #ffffff; color: #191e23; font-family: 'Noto Serif JP'; font-size: 16px; font-style: normal; font-variant: normal; font-weight: 400; letter-spacing: normal; line-height: 1.8; orphans: 2; text-align: left; text-decoration: none; text-indent: 0px; text-transform: none; -webkit-text-stroke-width: 0px; white-space: pre-wrap; word-spacing: 0px;"">We made a glove box for radioactive materials.</span>
<span style=""display: inline !important; float: none; background-color: #ffffff; color: #191e23; font-family: 'Noto Serif JP'; font-size: 16px; font-style: normal; font-variant: normal; font-weight: 400; letter-spacing: normal; line-height: 1.8; orphans: 2; text-align: left; text-decoration: none; text-indent: 0px; text-transform: none; -webkit-text-stroke-width: 0px; white-space: pre-wrap; word-spacing: 0px;"">Since it is necessary to quickly put in and take out heavy and high dose objects, it was installed a pass box with a slide table and hoist crane.</span>
<span style=""display: inline !important; float: none; background-color: #ffffff; color: #191e23; font-family: 'Noto Serif JP'; font-size: 16px; font-style: normal; font-variant: normal; font-weight: 400; letter-spacing: normal; line-height: 1.8; orphans: 2; text-align: left; text-decoration: none; text-indent: 0px; text-transform: none; -webkit-text-stroke-width: 0px; white-space: pre-wrap; word-spacing: 0px;"">In addition, reinforcement was added to improve earthquake resistance.<img class=""size-large wp-image-1018 aligncenter"" src=""https://ysd-k.co.jp/yoshida-cms/wp-content/uploads/2020/04/aba1dd9afd994bc383f5259806be7bb4-1-1024x909.jpg"" alt="""" width=""750"" height=""666"" /> <img class=""size-large wp-image-1019 aligncenter"" src=""https://ysd-k.co.jp/yoshida-cms/wp-content/uploads/2020/04/6ac2397867767a902ce2217f0a58282f-867x1024.jpg"" alt="""" width=""750"" height=""886"" /> <img class=""size-large wp-image-1020 aligncenter"" src=""https://ysd-k.co.jp/yoshida-cms/wp-content/uploads/2020/04/f6f77a1616e27fc34eb1a81aa7dc6262-1024x768.jpg"" alt="""" width=""750"" height=""563"" /> <img class=""size-large wp-image-1021 aligncenter"" src=""https://ysd-k.co.jp/yoshida-cms/wp-content/uploads/2020/04/ed80de20dfec1bd144442f3c2532b6bb-768x1024.jpg"" alt="""" width=""750"" height=""1000"" /> <img class=""size-large wp-image-1022 aligncenter"" src=""https://ysd-k.co.jp/yoshida-cms/wp-content/uploads/2020/04/4d2898cc519c4468d541cbcfe0072ef6-1024x768.jpg"" alt="""" width=""750"" height=""563"" /></span>",,2020/4/28,product,https://ysd-k.co.jp/en/product/1039/,https://ysd-k.co.jp/yoshida-cms/wp-content/uploads/2020/04/aba1dd9afd994bc383f5259806be7bb4-4.jpg|https://ysd-k.co.jp/yoshida-cms/wp-content/uploads/2020/04/05751fa0513c9f2cfaa983792d8f0a5a.jpg|https://ysd-k.co.jp/yoshida-cms/wp-content/uploads/2020/04/bf773b0d390500b8f8ec2b91dd7395e9-e1588056343514.jpg|https://ysd-k.co.jp/yoshida-cms/wp-content/uploads/2020/04/bf773b0d390500b8f8ec2b91dd7395e9-1.jpg|https://ysd-k.co.jp/yoshida-cms/wp-content/uploads/2020/04/aba1dd9afd994bc383f5259806be7bb4-2-e1588056683370.jpg|https://ysd-k.co.jp/yoshida-cms/wp-content/uploads/2020/04/aba1dd9afd994bc383f5259806be7bb4-3.jpg,①|①.|①2|①2|①|①,|||||,|||||,|||||,https://ysd-k.co.jp/yoshida-cms/wp-content/uploads/2020/04/aba1dd9afd994bc383f5259806be7bb4-4.jpg,,グローブボックス|原子力製品,,,en_US,1038,,publish,2,yoshida,soumu@ysd-k.co.jp,,,glove-box-for-radioactive-materials,,,0,0,0,closed,closed,2020/5/13
1105,ミュオン分析チェンバー,"小惑星探査機「はやぶさ2」がリュウグウより持ち帰ってくるサンプルを分析するためのチェンバーを製作しました。
リュウグウのサンプルをJ-PARCにて、負ミュオン非破壊元素分析を行うことで、炭素と窒素の濃度測定を行うそうです。
ミュオンビーム照射部は純銅で製作し、グローブボックスは、サンプルの劣化を抑えるため、ヘリウムガスで雰囲気制御出来る構造となっています。

<img class=""wp-image-1089 aligncenter"" src=""https://ysd-k.co.jp/yoshida-cms/wp-content/uploads/2020/12/29d3bc99193cb0b837fb8cc53f050ae5.jpg"" alt="""" width=""432"" height=""610"" /> <img class=""wp-image-1090 aligncenter"" src=""https://ysd-k.co.jp/yoshida-cms/wp-content/uploads/2020/12/cbf5b9f60da99bf791c0aa12a770f429.jpg"" alt="""" width=""410"" height=""546"" /> <img class="" wp-image-1091 aligncenter"" src=""https://ysd-k.co.jp/yoshida-cms/wp-content/uploads/2020/12/5e4896966c9944fcf00890f4502605bf.jpg"" alt="""" width=""492"" height=""369"" />

&lt;参考文献&gt;<a href=""https://member.ipmu.jp/SpaceTech_to_QuantumBeam/publicly-offered-research/2019-b01-1/index.html"">
https://member.ipmu.jp/SpaceTech_to_QuantumBeam/publicly-offered-research/2019-b01-1/index.html</a>",,2020/12/8,product,https://ysd-k.co.jp/product/1105/,https://ysd-k.co.jp/yoshida-cms/wp-content/uploads/2020/12/29d3bc99193cb0b837fb8cc53f050ae5-1-e1607403617961.jpg|https://ysd-k.co.jp/yoshida-cms/wp-content/uploads/2020/12/1efad1b5aa917a846fa5b3fc11367269.jpg|https://ysd-k.co.jp/yoshida-cms/wp-content/uploads/2020/12/29d3bc99193cb0b837fb8cc53f050ae5-e1607401996322.jpg,画像1|画像4|画像1,||,||,||,https://ysd-k.co.jp/yoshida-cms/wp-content/uploads/2020/12/29d3bc99193cb0b837fb8cc53f050ae5-1-e1607403617961.jpg,,原子力製品,,,ja,1105,,publish,2,yoshida,soumu@ysd-k.co.jp,,,%e3%83%9f%e3%83%a5%e3%82%aa%e3%83%b3%e5%88%86%e6%9e%90%e3%83%81%e3%82%a7%e3%83%b3%e3%83%90%e3%83%bc,,,0,0,0,closed,closed,2020/12/8
1107,Muon(μ)analysis chamber,"We created a chamber for analyzing the samples bring back by the asteroid explorer Hayabusa2 from Ryugu.
Carbon and nitrogen concentrations will be measured by performing negative muon non-destructive elemental analysis on Ryugu samples at J-PARC.
The muon beam irradiation part is made of pure copper, and the atmosphere inside the glove box can be controlled with helium gas in order to suppress deterioration of the Ryugu sample.

&nbsp;

<img class=""size-full wp-image-1089 aligncenter"" src=""https://ysd-k.co.jp/yoshida-cms/wp-content/uploads/2020/12/29d3bc99193cb0b837fb8cc53f050ae5.jpg"" alt="""" width=""551"" height=""779"" /> <img class=""size-full wp-image-1090 aligncenter"" src=""https://ysd-k.co.jp/yoshida-cms/wp-content/uploads/2020/12/cbf5b9f60da99bf791c0aa12a770f429.jpg"" alt="""" width=""597"" height=""794"" /> <img class=""size-full wp-image-1091 aligncenter"" src=""https://ysd-k.co.jp/yoshida-cms/wp-content/uploads/2020/12/5e4896966c9944fcf00890f4502605bf.jpg"" alt="""" width=""606"" height=""454"" />

&lt;Reference material＞<a href=""https://member.ipmu.jp/SpaceTech_to_QuantumBeam/publicly-offered-research/2019-b01-1/index.html"">
https://member.ipmu.jp/SpaceTech_to_QuantumBeam/publicly-offered-research/2019-b01-1/index.html</a>",,2020/12/8,product,https://ysd-k.co.jp/en/product/1107/,https://ysd-k.co.jp/yoshida-cms/wp-content/uploads/2020/12/29d3bc99193cb0b837fb8cc53f050ae5-1-e1607403617961.jpg,画像1,,,,https://ysd-k.co.jp/yoshida-cms/wp-content/uploads/2020/12/29d3bc99193cb0b837fb8cc53f050ae5-1-e1607403617961.jpg,,,,,en_US,1105,,publish,2,yoshida,soumu@ysd-k.co.jp,,,muon%ce%bcanalysis-chamber,,,0,0,0,closed,closed,2020/12/8
1282,飛沫感染防止グローブボックス (コロナウィルスグローブボックス),"<p>当社のコア技術である放射性物質の隔離技術を応用し、感染症のサンプリングからテスティングまで可能なグローブボックスを製作しました。本グローブボックスの特徴は、2つの使用方法が可能で、1つは作業者がグローブボックス内部に入り、PCRの検体サンプリングなどに使用する方法(GB内_正圧)。もう1つは、グローブ操作面を反転し、一般的なグローブボックスとして、サンプル調整等に使用する方法です(GB内_負圧)。吸排気系統は、正圧状態・負圧状態においても、HEPAフィルターを介すことで、0.3μmの粒子に対して99.97%以上の粒子捕集率を保証しており、オプションでグローブボックス内部にUV殺菌灯、過酸化水素ガス滅菌システムの取付も可能です。</p>
<p><!-- wp:image {""id"":1264} --></p>
<figure class=""wp-block-image""><img class="" wp-image-1293 aligncenter"" src=""https://ysd-k.co.jp/yoshida-cms/wp-content/uploads/2021/07/29d3bc99193cb0b837fb8cc53f050ae5-1-1024x442.png"" alt="""" width=""1021"" height=""441"" /></figure>
<p>&nbsp;</p>
<p><!-- /wp:image -->

<!-- wp:image {""id"":1266} --></p>
<figure class=""wp-block-image""><img class=""wp-image-1266 aligncenter"" src=""https://ysd-k.co.jp/yoshida-cms/wp-content/uploads/2021/07/af7fb79b039696f8896143778a63203e-1024x278.png"" alt="""" /></figure>
<div style=""text-align: left;"">
<h4 style=""text-align: center;"">パネル反転機構</h4>
<div class=""org-video-block"">
<p>[video width=""720"" height=""576"" mp4=""https://ysd-k.co.jp/yoshida-cms/wp-content/uploads/2021/07/7780fde443a67e1da5fd68f859814cb9-1.mp4""][/video]</p>
<p>&nbsp;</p>
</div>
</div>
<p><!-- /wp:image --></p>
<p><a href=""https://ysd-k.co.jp/yoshida-cms/wp-content/uploads/2021/07/IDCGB_Yoshida.pdf"">IDCGB_パンフレット</a></p>
<p><!-- /wp:image --></p>",,2021/7/6,product,https://ysd-k.co.jp/product/1282/,https://ysd-k.co.jp/yoshida-cms/wp-content/uploads/2021/07/12_page-00012-4.jpg|https://ysd-k.co.jp/yoshida-cms/wp-content/uploads/2021/07/29d3bc99193cb0b837fb8cc53f050ae5-1.png,12_page-00012|画像1,|,|,|,https://ysd-k.co.jp/yoshida-cms/wp-content/uploads/2021/07/12_page-00012-4.jpg,https://ysd-k.co.jp/yoshida-cms/wp-content/uploads/2021/07/7780fde443a67e1da5fd68f859814cb9-1.mp4,グローブボックス|原子力製品|製缶・溶接,,,ja,1282,,publish,2,yoshida,soumu@ysd-k.co.jp,,,%e9%a3%9b%e6%b2%ab%e6%84%9f%e6%9f%93%e9%98%b2%e6%ad%a2%e3%82%b0%e3%83%ad%e3%83%bc%e3%83%96%e3%83%9c%e3%83%83%e3%82%af%e3%82%b9-infectious-disease-control-glovebox-idcgb,,,0,0,0,closed,closed,2021/7/23
1299,Infectious Disease Control Glovebox (IDCGB),"<p>Infectious Disease Control Glovebox (IDCGB), designed and prototyped by YOSHIDA, aims to prevent secondary transmission of COVID-19 among healthcare providers. While the nuclear glovebox has been used to isolate radioactive materials inside the container, the technology is also effective against COVID-19, viruses, and bacteria. This IDCGB has two major characteristics: it is a walk-in testing booth which enables healthcare providers to perform a PCR sampling by isolating themselves inside the box (inside the box is positive pressure), and the easy-reversible glove port helps healthcare providers to continue working on the samples while using the IDCGB just like the usual glovebox (inside the box is negative pressure). In other words, the IDCGB is designed to play a dual role, enabling private clinics or healthcare facilities to safely perform PCR sampling and testing.</p>
<p><!-- wp:image {""id"":1264} --></p>
<p><img class="" wp-image-1296 aligncenter"" src=""https://ysd-k.co.jp/yoshida-cms/wp-content/uploads/2021/07/cbf5b9f60da99bf791c0aa12a770f429-1024x442.png"" alt="""" width=""1021"" height=""441"" /></p>
<p><!-- /wp:image -->

<!-- wp:image {""id"":1266} --></p>
<figure class=""wp-block-image""><img class=""wp-image-1266 aligncenter"" src=""https://ysd-k.co.jp/yoshida-cms/wp-content/uploads/2021/07/af7fb79b039696f8896143778a63203e-1024x278.png"" alt="""" /></figure>
<div style=""text-align: left;"">
<h4 style=""text-align: center;"">Reversible worksurface</h4>
<div class=""org-video-block"">
<p>[video width=""720"" height=""576"" mp4=""https://ysd-k.co.jp/yoshida-cms/wp-content/uploads/2021/07/7780fde443a67e1da5fd68f859814cb9-1.mp4""][/video]</p>
<p>&nbsp;</p>
</div>
</div>
<p><!-- /wp:image --></p>
<p><a href=""https://ysd-k.co.jp/yoshida-cms/wp-content/uploads/2021/07/IDCGB_Yoshida.pdf"">IDCGB_Pamphlet</a></p>
<p><!-- /wp:image --></p>",,2021/7/6,product,https://ysd-k.co.jp/en/product/1299/,https://ysd-k.co.jp/yoshida-cms/wp-content/uploads/2021/07/12_page-00012-4.jpg,12_page-00012,,,,https://ysd-k.co.jp/yoshida-cms/wp-content/uploads/2021/07/12_page-00012-4.jpg,,グローブボックス|原子力製品|製缶・溶接,,,en_US,1282,,publish,2,yoshida,soumu@ysd-k.co.jp,,,%e9%a3%9b%e6%b2%ab%e6%84%9f%e6%9f%93%e9%98%b2%e6%ad%a2%e3%82%b0%e3%83%ad%e3%83%bc%e3%83%96%e3%83%9c%e3%83%83%e3%82%af%e3%82%b9-infectious-disease-control-glovebox-idcgb,,,0,0,0,closed,closed,2021/7/7
1367,可搬型遮へい体,"福島第一原発向け、可搬型遮へい体の設計・製作を行いました。
本製品の大きな特徴は、遮へい体設置場所の放射線量が高く現場調査が出来ないため、FARO SCANで計測された3D点群データを元に、配管や構造物を避けた設計をおこないました。また、組立にあたって重機を扱えないため、全て手作業で運搬と組立が可能な構造としました。

&nbsp;
<p style=""text-align: center;""> 3D点群データ(イメージ図)</p>
<p style=""text-align: center;""><img class=""alignnone size-full wp-image-1368"" src=""https://ysd-k.co.jp/yoshida-cms/wp-content/uploads/2021/10/8e7e0dcce53294c44a2aa80d4e6f0a76.jpg"" alt="""" width=""776"" height=""633"" /></p>
&nbsp;
<p style=""text-align: center;"">配管や構造物を避けた設計</p>
<img class=""alignnone size-large wp-image-1369 aligncenter"" src=""https://ysd-k.co.jp/yoshida-cms/wp-content/uploads/2021/10/651d43ec95a83f59e43d9bbff1017968-1024x426.jpg"" alt="""" width=""750"" height=""312"" />

<img class=""size-large wp-image-1370 aligncenter"" src=""https://ysd-k.co.jp/yoshida-cms/wp-content/uploads/2021/10/9.30.PXL_20210906_071259633-1024x576.jpg"" alt="""" width=""750"" height=""422"" />

<img class=""size-large wp-image-1371 aligncenter"" src=""https://ysd-k.co.jp/yoshida-cms/wp-content/uploads/2021/10/9.30.PXL_20210906_071308836-1024x576.jpg"" alt="""" width=""750"" height=""422"" />

<img class=""size-large wp-image-1372 aligncenter"" src=""https://ysd-k.co.jp/yoshida-cms/wp-content/uploads/2021/10/9.30.PXL_20210906_071336961-1024x576.jpg"" alt="""" width=""750"" height=""422"" />",,2021/10/5,product,https://ysd-k.co.jp/product/1367/,https://ysd-k.co.jp/yoshida-cms/wp-content/uploads/2021/10/9.30.PXL_20210906_071259633-1.jpg|https://ysd-k.co.jp/yoshida-cms/wp-content/uploads/2021/10/8e7e0dcce53294c44a2aa80d4e6f0a76.jpg|https://ysd-k.co.jp/yoshida-cms/wp-content/uploads/2021/10/651d43ec95a83f59e43d9bbff1017968.jpg|https://ysd-k.co.jp/yoshida-cms/wp-content/uploads/2021/10/9.30.PXL_20210906_071259633.jpg|https://ysd-k.co.jp/yoshida-cms/wp-content/uploads/2021/10/9.30.PXL_20210906_071308836.jpg|https://ysd-k.co.jp/yoshida-cms/wp-content/uploads/2021/10/9.30.PXL_20210906_071336961.jpg,9.30.PXL_20210906_071259633|イメージ図|設計図|9.30.PXL_20210906_071259633|9.30.PXL_20210906_071308836|9.30.PXL_20210906_071336961,|||||,|||||,|||||,https://ysd-k.co.jp/yoshida-cms/wp-content/uploads/2021/10/9.30.PXL_20210906_071259633-1.jpg,,,,,ja,1367,,publish,2,yoshida,soumu@ysd-k.co.jp,,,%e5%8f%af%e6%90%ac%e5%9e%8b%e9%81%ae%e3%81%b8%e3%81%84%e4%bd%93,,,0,0,0,closed,closed,2021/10/5
1373,Portable shield,"We designed and manufactured a portable shield for the Fukushima Daiichi Nuclear Power Plant.
Portable shield was produced for the facility where the shield is installed under high dose radiation and was impossible to conduct a site survey. It was designed based on the 3D point cloud data measured by FARO SCAN by avoiding piping and structures.
In addition, since heavy machinery cannot be handled during assembly, the structure allows all manual transportation and assembly.
<p style=""text-align: center;"">3D point cloud data (conceptual diagram)</p>
<p style=""text-align: center;""><img class=""alignnone size-full wp-image-1368"" src=""https://ysd-k.co.jp/yoshida-cms/wp-content/uploads/2021/10/8e7e0dcce53294c44a2aa80d4e6f0a76.jpg"" alt="""" width=""776"" height=""633"" /></p>
&nbsp;
<p style=""text-align: center;"">3D Drawing (avoiding piping and structures)</p>
<img class=""alignnone size-large wp-image-1369 aligncenter"" src=""https://ysd-k.co.jp/yoshida-cms/wp-content/uploads/2021/10/651d43ec95a83f59e43d9bbff1017968-1024x426.jpg"" alt="""" width=""750"" height=""312"" />

<img class=""size-large wp-image-1370 aligncenter"" src=""https://ysd-k.co.jp/yoshida-cms/wp-content/uploads/2021/10/9.30.PXL_20210906_071259633-1024x576.jpg"" alt="""" width=""750"" height=""422"" />

<img class=""size-large wp-image-1371 aligncenter"" src=""https://ysd-k.co.jp/yoshida-cms/wp-content/uploads/2021/10/9.30.PXL_20210906_071308836-1024x576.jpg"" alt="""" width=""750"" height=""422"" />

<img class=""size-large wp-image-1372 aligncenter"" src=""https://ysd-k.co.jp/yoshida-cms/wp-content/uploads/2021/10/9.30.PXL_20210906_071336961-1024x576.jpg"" alt="""" width=""750"" height=""422"" />",,2021/10/5,product,https://ysd-k.co.jp/en/product/1373/,https://ysd-k.co.jp/yoshida-cms/wp-content/uploads/2021/10/9.30.PXL_20210906_071259633-1.jpg,9.30.PXL_20210906_071259633,,,,https://ysd-k.co.jp/yoshida-cms/wp-content/uploads/2021/10/9.30.PXL_20210906_071259633-1.jpg,,,,,en_US,1367,,publish,2,yoshida,soumu@ysd-k.co.jp,,,portable-shield,,,0,0,0,closed,closed,2021/10/5
1391,鉄セル・グローブボックス,"福島第一原発廃炉事業に向けて訓練用の鉄セル・グローブボックスを製作しました。

この製品は3つの特徴があります。
①鉄セル・グローブボックス両方が実物と同じ負圧管理・気密管理になっています。
②鉄セルの右側面は将来的に拡張が可能とし、新たな側面板に交換することで、様々な訓練を実施することが可能です。
③側面、背面に大型の観察用窓がついており、訓練を多方向から観察でき、また、背面は大きな扉構造のため内部アクセスが簡易にできます。

訓練用の鉄セル・グローブボックスですが、実物のマニピュレーターやダブルドアシステムを備えているため、実物と同等の作業の訓練が可能です。

&nbsp;

<img class=""size-large wp-image-1392 aligncenter"" src=""https://ysd-k.co.jp/yoshida-cms/wp-content/uploads/2021/10/PXL_20210820_074323493-1024x576.jpg"" alt="""" width=""750"" height=""422"" />

<img class=""size-large wp-image-1393 aligncenter"" src=""https://ysd-k.co.jp/yoshida-cms/wp-content/uploads/2021/10/PXL_20210820_074415220-1024x576.jpg"" alt="""" width=""750"" height=""422"" />

<img class=""size-large wp-image-1394 aligncenter"" src=""https://ysd-k.co.jp/yoshida-cms/wp-content/uploads/2021/10/PXL_20210820_074457738-1024x576.jpg"" alt="""" width=""750"" height=""422"" />

<img class=""size-large wp-image-1395 aligncenter"" src=""https://ysd-k.co.jp/yoshida-cms/wp-content/uploads/2021/10/PXL_20210820_074517045-1024x576.jpg"" alt="""" width=""750"" height=""422"" />",,2021/10/21,product,https://ysd-k.co.jp/product/1391/,https://ysd-k.co.jp/yoshida-cms/wp-content/uploads/2021/10/PXL_20210820_07432349311-1.jpg|https://ysd-k.co.jp/yoshida-cms/wp-content/uploads/2021/10/PXL_20210820_074323493.jpg|https://ysd-k.co.jp/yoshida-cms/wp-content/uploads/2021/10/PXL_20210820_074415220.jpg|https://ysd-k.co.jp/yoshida-cms/wp-content/uploads/2021/10/PXL_20210820_074457738.jpg|https://ysd-k.co.jp/yoshida-cms/wp-content/uploads/2021/10/PXL_20210820_074517045.jpg,PXL_20210820_07432349311|PXL_20210820_074323493|PXL_20210820_074415220|PXL_20210820_074457738|PXL_20210820_074517045,||||,||||,||||,https://ysd-k.co.jp/yoshida-cms/wp-content/uploads/2021/10/PXL_20210820_07432349311-1.jpg,,グローブボックス|原子力製品|製缶・溶接,,,ja,1391,,publish,2,yoshida,soumu@ysd-k.co.jp,,,%e8%a8%93%e7%b7%b4%e7%94%a8%e9%89%84%e3%82%bb%e3%83%ab%e3%83%bb%e3%82%b0%e3%83%ad%e3%83%bc%e3%83%96%e3%83%9c%e3%83%83%e3%82%af%e3%82%b9,,,0,0,0,closed,closed,2021/10/24
1396,Steel Cell & Glovebox Training Equipment,"Yoshida Inc. has manufactured Steel Cell Glovebox, designed for training, for the decommissioning of the TEPCO Fukushima Daiichi Nuclear Power Station.

The 3 features:
⒈   Steel Cell Glovebox combines a steel cell and a glovebox and comes with the same negative pressure and airtight control as the actual product.
⒉   Steel Cell Glovebox is expandible by additional installations through the right side of the equipment, and available to conduct different trainings after replacing the side.
⒊   Steel Cell Glovebox installed large observation windows on the side AND back. Users can monitor trainings from multiple directions. In addition, the back side has a built-in door frame, which enabling users to access inside.

Though this equipment has initially developed for the training/practice purposes, we designed and installed an actual manipulator a double door. It is adequate for practical use.

<img class=""size-large wp-image-1392 aligncenter"" src=""https://ysd-k.co.jp/yoshida-cms/wp-content/uploads/2021/10/PXL_20210820_074323493-1024x576.jpg"" alt="""" width=""750"" height=""422"" />

<img class=""size-large wp-image-1393 aligncenter"" src=""https://ysd-k.co.jp/yoshida-cms/wp-content/uploads/2021/10/PXL_20210820_074415220-1024x576.jpg"" alt="""" width=""750"" height=""422"" />

<img class=""size-large wp-image-1394 aligncenter"" src=""https://ysd-k.co.jp/yoshida-cms/wp-content/uploads/2021/10/PXL_20210820_074457738-1024x576.jpg"" alt="""" width=""750"" height=""422"" />

<img class=""size-large wp-image-1395 aligncenter"" src=""https://ysd-k.co.jp/yoshida-cms/wp-content/uploads/2021/10/PXL_20210820_074517045-1024x576.jpg"" alt="""" width=""750"" height=""422"" />",,2021/10/21,product,https://ysd-k.co.jp/en/product/1396/,https://ysd-k.co.jp/yoshida-cms/wp-content/uploads/2021/10/PXL_20210820_07432349311-1.jpg,PXL_20210820_07432349311,,,,https://ysd-k.co.jp/yoshida-cms/wp-content/uploads/2021/10/PXL_20210820_07432349311-1.jpg,,グローブボックス|原子力製品|製缶・溶接,,,en_US,1391,,publish,2,yoshida,soumu@ysd-k.co.jp,,,steel-cell-glovebox-training-equipment,,,0,0,0,closed,closed,2021/10/24
1590,廃炉向け鉛遮へい付グローブボックス,"廃炉向け鉛遮へい付グローブボックス、分析用グローブボックスの設計、製作、据付工事を行いました。　　　　　　　　　　　　　　　　　　　　　　　　　　　　　　　　　　　　　　このグローブボックス特徴は、高線量サンプルを取扱う際は、鉛遮へいを閉じて、マニピュレーターによる操作を行います。　　　　　　　　　　　　　　　　　　　　　　　　　　　　　一方、低線量サンプルを扱う際は、鉛遮へいを開放し、グローブ操作が可能な構造となっています。

また、今回、新たな取り組みとして、内部目視用の鉛ガラスの代わりに、複数台のカメラを設置することで、グローブボックスの内部の全面モニタリングを可能としました。

（特許取得：特許6850464「遮蔽グローブボックス」）

内部機構は、マニピュレーターと汎用ロボットの共用により、作業工程の時間の短縮化を図っています。

なお、鉛遮へい付グローブボックス内で希釈されたサンプルは、ダブルドアシステムを用いて、分析用のグローブボックスへと展開されます。

&nbsp;
<p style=""text-align: center;"">鉛遮へい付グローブボックス</p>
<p style=""text-align: center;""><img class=""alignnone wp-image-1628"" src=""https://ysd-k.co.jp/yoshida-cms/wp-content/uploads/2023/09/1c7cf7fcf83efd84b3d6156368bc6cac-1024x768.jpg"" alt="""" width=""728"" height=""546"" /></p>
<p style=""text-align: center;""><img class=""alignnone size-large wp-image-1626"" src=""https://ysd-k.co.jp/yoshida-cms/wp-content/uploads/2023/09/PXL_20210111_052027366-1024x768.jpg"" alt="""" width=""750"" height=""563"" /></p>
<p style=""text-align: center;"">分析工程の自動化</p>
<div class=""org-video-block"">
[video width=""1280"" height=""720"" mp4=""https://ysd-k.co.jp/yoshida-cms/wp-content/uploads/2023/09/f251c3370fd1073ad87bec3e2a02a6f6-7.mp4"" loop=""true"" autoplay=""true""][/video]
</div>
&nbsp;
<p style=""text-align: center;"">分析用グローブボックス</p>
<p style=""text-align: center;""><img class=""alignnone wp-image-1627"" src=""https://ysd-k.co.jp/yoshida-cms/wp-content/uploads/2023/09/GB-e1693977963497-1024x537.jpg"" alt="""" width=""1090"" height=""571"" /></p>
&nbsp;
<p style=""text-align: center;"">特許6850464「遮蔽グローブボックス」</p>
<p style=""text-align: center;""><img class=""alignnone wp-image-1612"" src=""https://ysd-k.co.jp/yoshida-cms/wp-content/uploads/2023/09/24a29b6284fbcfc1509c15890aed0694-733x1024.png"" alt="""" width=""429"" height=""599"" /></p>",,2023/6/6,product,https://ysd-k.co.jp/product/1590/,https://ysd-k.co.jp/yoshida-cms/wp-content/uploads/2023/09/1c7cf7fcf83efd84b3d6156368bc6cac-1024x768-2-e1693981001789.jpg|https://ysd-k.co.jp/yoshida-cms/wp-content/uploads/2023/09/24a29b6284fbcfc1509c15890aed0694.png|https://ysd-k.co.jp/yoshida-cms/wp-content/uploads/2023/09/PXL_20210111_052027366.jpg|https://ysd-k.co.jp/yoshida-cms/wp-content/uploads/2023/09/GB-e1693977963497.jpg|https://ysd-k.co.jp/yoshida-cms/wp-content/uploads/2023/09/1c7cf7fcf83efd84b3d6156368bc6cac-e1693979946230.jpg,1c7cf7fcf83efd84b3d6156368bc6cac-1024x768|スクリーンショット 2023-09-06 105448|PXL_20210111_052027366|GB|遮へい付GB(斜め),||||,||||,||||,https://ysd-k.co.jp/yoshida-cms/wp-content/uploads/2023/09/1c7cf7fcf83efd84b3d6156368bc6cac-1024x768-2-e1693981001789.jpg,https://ysd-k.co.jp/yoshida-cms/wp-content/uploads/2023/09/f251c3370fd1073ad87bec3e2a02a6f6-7.mp4,グローブボックス|原子力製品|機械加工|製缶・溶接|設計,,,ja,1590,,publish,2,yoshida,soumu@ysd-k.co.jp,,,%e5%bb%83%e7%82%89%e5%90%91%e3%81%91%e9%89%9b%e9%81%ae%e3%81%b8%e3%81%84%e4%bb%98%e3%82%b0%e3%83%ad%e3%83%bc%e3%83%96%e3%83%9c%e3%83%83%e3%82%af%e3%82%b9,,,0,0,0,closed,closed,2023/9/7
1592,高放射線量率固体試料測定装置,"高放射線量の固体試料を測定するための気密・遮へい装置の設計、製作、据付工事を行いました。この装置は、固体試料を希釈することなく、半導体検出器により測定可能なシステムとなっています。その特徴として、内部にコリメーター及び遮へい体外部から操作可能なダブルドアシステムを設けることで、固体試料を密閉した空間において、直接測定することが可能となりました。

（特許取得：特許6906202「高放射線量率固体試料測定装置」）　　　　　　　　　　　　　　　　　　　　　　　　　　　　　　　　　　　　　　　　　　　　　　　　　　　　　　　　一般的に高線量固体試料の測定では、酸溶解して希釈する必要がありますが、その工程の短縮化が可能となりました。

&nbsp;
<p style=""text-align: center;"">高放射線量率固体試料測定装置</p>
<img class=""size-large wp-image-1630 aligncenter"" src=""https://ysd-k.co.jp/yoshida-cms/wp-content/uploads/2023/09/PXL_20210112_003327376-1-1024x768.jpg"" alt="""" width=""750"" height=""563"" />
<p style=""text-align: center;"">ダブルドアシステムの遠隔操作化</p>
<div class=""org-video-block"">
[video width=""852"" height=""480"" mp4=""https://ysd-k.co.jp/yoshida-cms/wp-content/uploads/2023/05/71580e87f0a3bf43582340fe5b6d8ccd.mp4"" autoplay=""true"" loop=""true""][/video]
</div>

&nbsp;
<p style=""text-align: center;"">特許6906202「高放射線量率固体試料測定装置」</p>
<img class=""wp-image-1610 aligncenter"" src=""https://ysd-k.co.jp/yoshida-cms/wp-content/uploads/2023/09/cea8c8043130fee32f4919e5c47ec197-729x1024.png"" alt="""" width=""444"" height=""624"" />

&nbsp;",,2023/5/6,product,https://ysd-k.co.jp/product/1592/,https://ysd-k.co.jp/yoshida-cms/wp-content/uploads/2023/09/PXL_20210112_003327376-1-e1693981529824.jpg|https://ysd-k.co.jp/yoshida-cms/wp-content/uploads/2023/09/cea8c8043130fee32f4919e5c47ec197.png|https://ysd-k.co.jp/yoshida-cms/wp-content/uploads/2023/09/PXL_20210112_003327376-e1693981392819.jpg,PXL_20210112_003327376|スクリーンショット 2023-09-06 104953|PXL_20210112_003327376,||,||,||,https://ysd-k.co.jp/yoshida-cms/wp-content/uploads/2023/09/PXL_20210112_003327376-1-e1693981529824.jpg,https://ysd-k.co.jp/yoshida-cms/wp-content/uploads/2023/05/71580e87f0a3bf43582340fe5b6d8ccd.mp4,グローブボックス|原子力製品|機械加工|製缶・溶接|設計,,,ja,1592,,publish,2,yoshida,soumu@ysd-k.co.jp,,,%e9%ab%98%e6%94%be%e5%b0%84%e7%b7%9a%e9%87%8f%e7%8e%87%e5%9b%ba%e4%bd%93%e8%a9%a6%e6%96%99%e6%b8%ac%e5%ae%9a%e8%a3%85%e7%bd%ae,,,0,0,0,closed,closed,2023/9/7
